station_id,state,timestamp,temperature,humidity,pressure,wind_speed,wind_direction,rainfall
12,Alagoas,2024-12-01T00:00:00,32.3,61,1016.38,12.95,56,17.08
5,Distrito Federal,2024-12-01T00:10:00,25.6,62,989.29,18.03,356,6.62
7,Roraima,2024-12-01T00:20:00,17.4,60,1003.36,16.17,278,36.71
14,Pará,2024-12-01T00:30:00,30.9,35,1005.52,9.61,203,7.73
10,Piauí,2024-12-01T00:40:00,25.1,68,1006.07,6.96,347,16.09
3,Rondônia,2024-12-01T00:50:00,25.6,83,996.45,19.05,93,25.58
2,São Paulo,2024-12-01T01:00:00,30.4,66,999.2,14.94,173,1.77
10,Amapá,2024-12-01T01:10:00,28.6,79,1002.44,17.42,28,12.96
1,São Paulo,2024-12-01T01:20:00,30.2,32,980.32,7.37,104,11.24
6,Amapá,2024-12-01T01:30:00,34.9,95,992.32,17.83,239,36.74
10,Ceará,2024-12-01T01:40:00,33.9,95,1000.92,2.02,14,24.9
9,Mato Grosso do Sul,2024-12-01T01:50:00,15.2,63,994.15,13.56,230,36.26
8,Mato Grosso,2024-12-01T02:00:00,31.8,67,1018.72,13.26,252,42.58
12,Alagoas,2024-12-01T02:10:00,32.0,72,1011.97,2.42,101,27.76
4,Minas Gerais,2024-12-01T02:20:00,25.7,56,1011.66,4.24,205,42.93
2,Rondônia,2024-12-01T02:30:00,37.5,30,994.9,14.53,185,33.57
3,Maranhão,2024-12-01T02:40:00,36.0,96,1006.88,13.18,63,33.98
9,Espírito Santo,2024-12-01T02:50:00,39.0,47,995.46,2.34,140,4.59
5,Mato Grosso,2024-12-01T03:00:00,37.9,47,1012.55,5.29,141,15.57
12,Minas Gerais,2024-12-01T03:10:00,33.2,34,1009.11,15.01,165,20.27
13,Pernambuco,2024-12-01T03:20:00,18.9,38,988.81,16.55,261,19.21
7,Amapá,2024-12-01T03:30:00,22.5,69,1012.98,18.68,254,28.4
8,Santa Catarina,2024-12-01T03:40:00,24.0,61,984.19,6.85,12,28.23
3,Rondônia,2024-12-01T03:50:00,19.6,36,1013.21,3.64,288,37.54
9,Amazonas,2024-12-01T04:00:00,37.0,65,1016.03,12.39,175,0.11
8,Paraná,2024-12-01T04:10:00,38.2,64,1000.71,13.49,214,47.78
13,Tocantins,2024-12-01T04:20:00,27.6,95,1017.44,17.13,360,21.84
2,Maranhão,2024-12-01T04:30:00,32.8,54,1005.76,19.15,222,23.0
9,Mato Grosso,2024-12-01T04:40:00,32.0,89,1008.66,2.02,274,16.6
12,Pará,2024-12-01T04:50:00,28.3,79,988.38,8.84,325,20.55
11,Tocantins,2024-12-01T05:00:00,21.6,72,991.38,5.99,57,20.98
10,Sergipe,2024-12-01T05:10:00,22.9,94,1016.43,16.8,0,8.64
4,Alagoas,2024-12-01T05:20:00,24.0,94,1006.79,17.05,134,42.89
11,Espírito Santo,2024-12-01T05:30:00,36.6,69,994.08,2.4,58,49.64
13,Pará,2024-12-01T05:40:00,18.6,95,1019.68,6.37,120,25.72
14,Rondônia,2024-12-01T05:50:00,28.4,93,1017.43,6.9,170,11.1
3,Paraná,2024-12-01T06:00:00,15.1,57,1015.17,16.65,157,33.28
2,Paraíba,2024-12-01T06:10:00,23.5,47,1016.83,15.09,360,10.77
9,Amazonas,2024-12-01T06:20:00,15.4,81,984.52,0.32,47,30.49
11,Pernambuco,2024-12-01T06:30:00,30.3,30,987.08,11.95,349,30.58
5,Mato Grosso,2024-12-01T06:40:00,20.7,68,1015.83,8.09,249,14.39
15,Paraíba,2024-12-01T06:50:00,17.5,80,987.13,15.35,247,35.26
2,Paraíba,2024-12-01T07:00:00,21.4,45,983.94,15.0,191,19.14
11,Mato Grosso,2024-12-01T07:10:00,21.7,99,997.12,6.24,231,3.12
2,Minas Gerais,2024-12-01T07:20:00,27.5,66,1005.04,0.99,143,40.66
15,Rondônia,2024-12-01T07:30:00,35.9,56,995.96,15.22,275,47.47
5,São Paulo,2024-12-01T07:40:00,37.0,37,996.85,16.95,7,20.19
11,Pará,2024-12-01T07:50:00,17.1,77,1005.02,7.18,138,5.77
5,Amazonas,2024-12-01T08:00:00,33.0,63,995.9,0.86,187,2.67
4,Roraima,2024-12-01T08:10:00,21.9,82,1018.29,2.56,21,6.26
4,Rio de Janeiro,2024-12-01T08:20:00,23.9,33,1016.09,19.01,56,0.49
12,Amapá,2024-12-01T08:30:00,33.1,77,1006.44,2.32,4,16.08
3,Pernambuco,2024-12-01T08:40:00,25.3,41,1015.68,9.51,245,32.03
4,Rondônia,2024-12-01T08:50:00,26.9,85,1019.61,15.71,202,2.8
9,Amazonas,2024-12-01T09:00:00,23.6,50,986.45,0.78,326,49.21
7,Bahia,2024-12-01T09:10:00,18.6,48,983.09,3.96,320,38.93
8,Maranhão,2024-12-01T09:20:00,15.2,58,1008.9,8.22,181,3.2
3,Tocantins,2024-12-01T09:30:00,33.3,78,990.55,12.3,48,38.73
2,São Paulo,2024-12-01T09:40:00,36.5,85,991.81,17.74,49,27.46
7,Mato Grosso do Sul,2024-12-01T09:50:00,18.0,36,991.58,16.76,37,44.15
14,Amazonas,2024-12-01T10:00:00,25.9,100,998.05,14.08,328,25.22
11,Mato Grosso,2024-12-01T10:10:00,31.3,74,987.27,13.58,7,2.27
14,Acre,2024-12-01T10:20:00,28.0,67,1009.85,12.72,152,40.52
10,Amazonas,2024-12-01T10:30:00,22.8,96,1015.94,7.09,227,47.71
14,Pernambuco,2024-12-01T10:40:00,37.8,97,992.96,13.19,238,2.89
6,Rondônia,2024-12-01T10:50:00,19.0,40,1009.28,0.99,97,45.39
11,Rio de Janeiro,2024-12-01T11:00:00,26.5,81,1017.65,15.86,114,7.48
6,Mato Grosso do Sul,2024-12-01T11:10:00,36.8,34,1006.01,8.88,109,36.41
12,Goiás,2024-12-01T11:20:00,28.2,46,1005.04,4.3,161,5.36
3,Maranhão,2024-12-01T11:30:00,32.3,94,1011.42,4.07,349,1.37
3,Rio Grande do Norte,2024-12-01T11:40:00,16.4,98,1005.93,7.94,62,48.7
5,Mato Grosso do Sul,2024-12-01T11:50:00,29.8,53,982.42,16.94,257,8.49
1,Piauí,2024-12-01T12:00:00,15.1,97,1013.35,6.26,329,20.76
6,Tocantins,2024-12-01T12:10:00,32.4,76,1010.69,18.07,307,36.03
9,Ceará,2024-12-01T12:20:00,15.8,96,988.44,16.93,16,20.11
10,Mato Grosso,2024-12-01T12:30:00,37.9,94,1014.4,10.52,207,14.41
5,São Paulo,2024-12-01T12:40:00,26.9,81,1008.11,0.39,92,48.41
12,Goiás,2024-12-01T12:50:00,23.7,74,989.97,15.68,105,0.87
15,Tocantins,2024-12-01T13:00:00,33.6,41,1018.58,9.88,349,46.18
9,Pará,2024-12-01T13:10:00,35.5,88,991.92,9.54,342,21.67
1,Bahia,2024-12-01T13:20:00,32.5,96,989.41,4.43,359,3.89
9,Paraná,2024-12-01T13:30:00,26.7,36,1014.12,17.22,164,0.57
12,Rio Grande do Norte,2024-12-01T13:40:00,19.0,55,1006.13,1.25,176,47.87
7,Piauí,2024-12-01T13:50:00,27.3,61,992.83,0.81,199,32.96
14,Amapá,2024-12-01T14:00:00,28.0,98,989.83,19.68,347,41.17
14,Mato Grosso,2024-12-01T14:10:00,22.9,90,1005.41,6.05,181,39.7
12,Ceará,2024-12-01T14:20:00,22.2,63,1013.42,13.91,351,3.21
10,Tocantins,2024-12-01T14:30:00,20.1,31,1002.45,16.01,55,34.82
1,Alagoas,2024-12-01T14:40:00,21.3,62,984.55,6.65,197,8.59
10,Pará,2024-12-01T14:50:00,37.8,73,1010.14,11.02,140,14.4
11,Piauí,2024-12-01T15:00:00,21.0,86,995.4,7.73,13,37.82
10,Ceará,2024-12-01T15:10:00,32.8,36,980.27,13.32,114,4.21
13,Amazonas,2024-12-01T15:20:00,36.3,85,985.98,13.24,289,49.89
9,Rio Grande do Norte,2024-12-01T15:30:00,23.0,69,986.0,9.13,284,38.9
8,Sergipe,2024-12-01T15:40:00,28.3,48,998.41,14.51,244,16.41
15,Sergipe,2024-12-01T15:50:00,30.8,38,1009.46,4.99,296,39.7
13,Paraná,2024-12-01T16:00:00,39.3,73,1002.03,9.4,137,10.53
4,Paraná,2024-12-01T16:10:00,32.2,99,998.01,11.29,99,48.33
7,Paraíba,2024-12-01T16:20:00,19.3,38,986.73,0.65,51,44.45
8,Rondônia,2024-12-01T16:30:00,28.2,76,986.76,15.97,66,34.81
14,Rondônia,2024-12-01T16:40:00,25.9,69,991.65,9.54,74,47.67
11,Espírito Santo,2024-12-01T16:50:00,19.9,87,982.92,1.07,340,29.15
6,Amapá,2024-12-01T17:00:00,28.1,46,996.97,3.53,122,28.91
9,Alagoas,2024-12-01T17:10:00,23.5,55,997.42,17.2,268,32.03
10,Mato Grosso do Sul,2024-12-01T17:20:00,16.2,92,987.08,17.84,303,15.19
13,Santa Catarina,2024-12-01T17:30:00,29.5,64,1012.74,2.57,99,43.33
5,Sergipe,2024-12-01T17:40:00,38.8,79,986.74,9.25,22,16.84
15,Rondônia,2024-12-01T17:50:00,23.3,77,983.19,2.38,71,43.72
5,Paraíba,2024-12-01T18:00:00,15.1,65,1006.19,6.6,325,30.71
11,Distrito Federal,2024-12-01T18:10:00,21.5,41,993.83,18.41,259,49.92
15,Santa Catarina,2024-12-01T18:20:00,16.7,91,1008.93,3.51,189,41.25
1,Mato Grosso do Sul,2024-12-01T18:30:00,22.5,34,1004.05,5.52,36,45.98
3,Mato Grosso do Sul,2024-12-01T18:40:00,23.5,70,994.98,1.02,173,18.13
6,Roraima,2024-12-01T18:50:00,22.9,34,984.13,16.51,202,18.33
11,Paraná,2024-12-01T19:00:00,29.1,38,988.64,10.59,74,40.91
4,Santa Catarina,2024-12-01T19:10:00,39.0,59,1009.98,1.77,166,21.97
12,Paraná,2024-12-01T19:20:00,32.4,90,998.9,10.08,276,36.13
5,Rio Grande do Norte,2024-12-01T19:30:00,26.7,60,1003.18,9.93,349,45.16
9,São Paulo,2024-12-01T19:40:00,19.1,99,1011.34,7.56,70,46.91
1,São Paulo,2024-12-01T19:50:00,24.5,57,1014.48,8.96,265,24.27
10,Maranhão,2024-12-01T20:00:00,39.4,40,989.7,11.99,175,19.83
15,Rio de Janeiro,2024-12-01T20:10:00,25.0,77,980.89,12.14,194,29.21
13,Maranhão,2024-12-01T20:20:00,33.1,89,1015.19,15.8,202,21.57
13,Goiás,2024-12-01T20:30:00,30.7,66,1018.59,12.2,115,43.69
11,Amazonas,2024-12-01T20:40:00,28.9,59,1008.38,17.02,99,44.69
3,Piauí,2024-12-01T20:50:00,29.5,66,1017.36,17.17,34,34.94
4,Goiás,2024-12-01T21:00:00,37.7,81,1015.75,2.29,73,2.79
15,Paraíba,2024-12-01T21:10:00,36.4,81,1011.5,18.0,190,17.17
4,Ceará,2024-12-01T21:20:00,24.2,90,1017.21,14.28,12,39.26
3,Pará,2024-12-01T21:30:00,31.0,51,1004.73,7.34,168,23.69
2,Acre,2024-12-01T21:40:00,26.2,48,1013.49,13.5,140,18.77
10,Acre,2024-12-01T21:50:00,22.1,65,992.22,1.7,130,26.35
2,Tocantins,2024-12-01T22:00:00,26.0,73,1001.76,12.88,226,43.66
8,Distrito Federal,2024-12-01T22:10:00,16.3,52,1011.4,12.12,250,1.86
3,Minas Gerais,2024-12-01T22:20:00,25.7,79,1002.15,6.07,190,16.05
10,Paraíba,2024-12-01T22:30:00,19.1,87,1019.6,7.37,60,48.92
4,Maranhão,2024-12-01T22:40:00,37.8,78,990.85,8.45,68,49.59
15,Distrito Federal,2024-12-01T22:50:00,17.8,95,996.26,3.27,218,6.62
4,Rondônia,2024-12-01T23:00:00,16.8,43,1005.25,0.56,274,32.45
10,Roraima,2024-12-01T23:10:00,26.7,73,1015.89,3.05,350,12.11
8,Minas Gerais,2024-12-01T23:20:00,22.5,62,991.74,10.66,199,44.33
10,Santa Catarina,2024-12-01T23:30:00,18.2,47,982.5,11.11,217,23.3
11,Paraíba,2024-12-01T23:40:00,19.4,39,1015.66,7.29,141,16.22
13,São Paulo,2024-12-01T23:50:00,34.5,45,993.91,0.41,239,45.61
7,Bahia,2024-12-02T00:00:00,32.7,64,999.37,2.72,0,20.25
4,Pernambuco,2024-12-02T00:10:00,25.5,87,995.84,17.76,137,40.38
4,Distrito Federal,2024-12-02T00:20:00,18.8,51,994.12,19.09,124,0.67
7,Santa Catarina,2024-12-02T00:30:00,25.6,50,1007.19,1.59,183,37.58
15,Maranhão,2024-12-02T00:40:00,28.5,77,1011.83,19.05,135,23.26
4,Rio de Janeiro,2024-12-02T00:50:00,20.1,90,996.3,15.23,140,3.6
15,Pará,2024-12-02T01:00:00,37.0,41,1003.39,11.82,111,47.75
7,Mato Grosso,2024-12-02T01:10:00,20.6,99,1002.36,15.7,115,41.13
5,Rondônia,2024-12-02T01:20:00,21.9,96,998.16,2.29,119,8.2
13,Distrito Federal,2024-12-02T01:30:00,28.1,51,981.46,3.78,313,10.95
7,Pernambuco,2024-12-02T01:40:00,16.8,64,981.58,12.41,59,0.05
3,Pará,2024-12-02T01:50:00,27.3,44,1006.11,15.12,163,42.97
2,Acre,2024-12-02T02:00:00,26.4,78,993.53,4.16,283,14.69
2,Mato Grosso,2024-12-02T02:10:00,15.6,87,989.87,3.76,309,36.23
3,Rio Grande do Sul,2024-12-02T02:20:00,22.3,41,998.67,6.73,234,24.08
15,Pará,2024-12-02T02:30:00,31.6,47,991.68,1.6,315,40.75
4,Paraná,2024-12-02T02:40:00,37.3,35,990.72,18.26,353,38.66
5,Tocantins,2024-12-02T02:50:00,16.1,62,1010.56,7.61,336,31.4
10,Bahia,2024-12-02T03:00:00,16.5,99,994.42,19.94,38,14.8
4,Minas Gerais,2024-12-02T03:10:00,27.0,61,982.85,0.54,253,35.85
9,Rio Grande do Norte,2024-12-02T03:20:00,21.4,72,1001.41,2.12,278,5.07
6,Piauí,2024-12-02T03:30:00,24.2,36,991.99,18.05,42,30.71
10,Piauí,2024-12-02T03:40:00,36.1,34,983.58,19.89,24,45.39
15,Piauí,2024-12-02T03:50:00,35.3,63,987.45,3.2,183,6.2
1,Amazonas,2024-12-02T04:00:00,32.1,45,982.22,6.82,187,46.29
2,Goiás,2024-12-02T04:10:00,23.0,80,1014.07,4.47,185,45.42
14,Pará,2024-12-02T04:20:00,21.2,40,997.12,8.53,173,22.19
12,Ceará,2024-12-02T04:30:00,34.9,79,1018.52,19.57,360,43.26
11,Maranhão,2024-12-02T04:40:00,34.1,42,1019.91,2.51,237,28.26
14,Rio de Janeiro,2024-12-02T04:50:00,30.1,72,1000.32,3.99,25,40.57
12,Maranhão,2024-12-02T05:00:00,26.2,63,990.69,9.68,289,24.68
3,Ceará,2024-12-02T05:10:00,27.1,51,1012.86,9.63,33,24.56
9,São Paulo,2024-12-02T05:20:00,22.5,63,988.65,13.49,49,43.7
14,Rio Grande do Norte,2024-12-02T05:30:00,34.3,49,985.69,10.24,346,15.58
11,Minas Gerais,2024-12-02T05:40:00,16.3,54,1015.76,5.11,318,6.56
10,Rio de Janeiro,2024-12-02T05:50:00,21.5,44,1000.48,1.62,90,32.52
2,Paraná,2024-12-02T06:00:00,34.9,66,1019.34,6.38,239,33.74
11,Maranhão,2024-12-02T06:10:00,35.2,39,993.26,8.81,336,9.64
12,Rio Grande do Sul,2024-12-02T06:20:00,35.7,68,1005.01,3.25,41,15.81
2,Pará,2024-12-02T06:30:00,23.6,47,1004.88,15.06,87,12.81
14,Pernambuco,2024-12-02T06:40:00,17.4,47,1009.52,6.4,313,36.54
7,Rio de Janeiro,2024-12-02T06:50:00,18.6,93,997.99,14.14,296,39.65
7,Bahia,2024-12-02T07:00:00,28.5,35,996.53,14.16,124,27.88
3,Rio Grande do Sul,2024-12-02T07:10:00,18.6,75,1003.57,4.9,231,5.99
10,Paraná,2024-12-02T07:20:00,19.0,71,995.55,4.93,89,5.52
12,Acre,2024-12-02T07:30:00,17.3,73,1017.96,19.33,65,39.48
4,Distrito Federal,2024-12-02T07:40:00,31.8,54,982.21,0.2,57,2.03
11,Paraíba,2024-12-02T07:50:00,16.4,78,995.72,3.72,84,19.02
4,Pernambuco,2024-12-02T08:00:00,33.3,62,986.51,0.18,143,34.17
2,Espírito Santo,2024-12-02T08:10:00,29.4,60,1006.12,0.86,199,16.86
13,Bahia,2024-12-02T08:20:00,32.0,56,1013.77,4.05,49,15.95
3,Rio Grande do Sul,2024-12-02T08:30:00,32.5,95,1007.69,6.2,180,21.61
2,Mato Grosso do Sul,2024-12-02T08:40:00,30.9,92,1019.76,0.97,196,0.82
6,Rio de Janeiro,2024-12-02T08:50:00,32.0,80,986.6,2.91,330,18.26
3,Tocantins,2024-12-02T09:00:00,38.3,68,986.24,14.69,251,10.9
12,Sergipe,2024-12-02T09:10:00,20.6,47,997.11,4.59,63,9.82
6,Ceará,2024-12-02T09:20:00,33.0,86,1003.7,3.88,218,35.97
5,Rio Grande do Norte,2024-12-02T09:30:00,16.0,37,997.07,19.58,141,9.16
3,Pará,2024-12-02T09:40:00,18.9,99,992.92,4.46,295,39.35
11,Acre,2024-12-02T09:50:00,26.8,64,1018.26,17.72,76,18.59
15,Sergipe,2024-12-02T10:00:00,24.7,37,997.18,0.79,213,5.15
13,Rondônia,2024-12-02T10:10:00,36.2,50,1007.17,15.08,48,47.13
5,Sergipe,2024-12-02T10:20:00,19.4,49,1006.94,2.73,322,5.22
2,Espírito Santo,2024-12-02T10:30:00,16.8,80,986.01,4.16,45,9.37
7,Rio Grande do Norte,2024-12-02T10:40:00,33.4,33,992.96,4.51,324,2.22
15,São Paulo,2024-12-02T10:50:00,19.4,90,1006.23,7.83,82,8.25
7,Rio de Janeiro,2024-12-02T11:00:00,17.0,52,985.38,10.07,29,5.03
8,Paraná,2024-12-02T11:10:00,35.0,59,987.93,19.38,1,1.38
5,Paraná,2024-12-02T11:20:00,37.6,71,986.77,12.72,284,18.35
4,Maranhão,2024-12-02T11:30:00,25.6,43,1018.44,14.68,268,49.39
1,Paraná,2024-12-02T11:40:00,39.9,81,980.94,10.33,94,31.32
2,Maranhão,2024-12-02T11:50:00,15.2,99,992.04,0.45,339,17.96
6,Bahia,2024-12-02T12:00:00,29.1,78,994.89,17.26,97,35.7
7,Sergipe,2024-12-02T12:10:00,27.5,70,983.91,5.3,333,46.11
3,Alagoas,2024-12-02T12:20:00,38.9,93,986.12,7.63,189,16.2
11,Mato Grosso do Sul,2024-12-02T12:30:00,38.7,64,1000.96,14.98,139,24.56
1,Goiás,2024-12-02T12:40:00,18.5,62,1015.6,10.52,100,36.04
2,Amazonas,2024-12-02T12:50:00,35.0,94,1014.53,13.64,295,11.43
7,Santa Catarina,2024-12-02T13:00:00,34.7,87,1019.22,16.41,141,11.82
11,Amapá,2024-12-02T13:10:00,29.0,81,1012.38,6.88,328,29.14
2,Minas Gerais,2024-12-02T13:20:00,31.0,48,998.53,5.53,331,2.56
1,Ceará,2024-12-02T13:30:00,23.4,61,997.94,9.93,67,32.59
7,Amazonas,2024-12-02T13:40:00,32.9,43,983.65,9.1,226,37.4
4,Maranhão,2024-12-02T13:50:00,37.1,67,1011.66,17.74,33,3.01
2,Amazonas,2024-12-02T14:00:00,17.6,31,1012.8,3.15,123,6.53
12,Paraíba,2024-12-02T14:10:00,27.8,90,1011.32,9.96,124,24.77
11,Pará,2024-12-02T14:20:00,21.3,92,1008.95,1.84,154,32.4
12,Ceará,2024-12-02T14:30:00,37.2,74,1003.39,2.11,194,29.4
8,São Paulo,2024-12-02T14:40:00,17.4,96,996.31,2.95,208,43.64
6,Mato Grosso do Sul,2024-12-02T14:50:00,20.7,39,1019.48,8.16,186,39.26
7,Pernambuco,2024-12-02T15:00:00,27.4,74,1001.56,5.05,322,36.36
9,Rio Grande do Norte,2024-12-02T15:10:00,36.4,90,999.07,0.7,272,38.97
11,Amapá,2024-12-02T15:20:00,35.8,94,1005.14,7.34,76,14.29
9,Tocantins,2024-12-02T15:30:00,25.3,44,1019.14,1.49,253,8.14
12,Roraima,2024-12-02T15:40:00,30.0,94,1004.01,10.39,71,10.09
4,Amapá,2024-12-02T15:50:00,39.2,58,984.07,1.79,209,11.56
3,Rio Grande do Norte,2024-12-02T16:00:00,29.6,68,1019.39,7.05,140,2.56
12,Maranhão,2024-12-02T16:10:00,22.4,38,1005.7,10.98,55,15.98
2,Espírito Santo,2024-12-02T16:20:00,28.1,60,988.78,5.27,219,12.71
5,Pará,2024-12-02T16:30:00,20.4,85,983.05,0.71,33,26.5
6,Amapá,2024-12-02T16:40:00,19.1,49,992.01,17.68,160,12.95
10,Rio Grande do Norte,2024-12-02T16:50:00,39.5,32,1015.14,2.21,252,40.27
5,Rio Grande do Norte,2024-12-02T17:00:00,15.8,48,1009.19,19.28,201,20.33
1,Pernambuco,2024-12-02T17:10:00,27.7,81,981.01,18.64,213,24.18
7,Bahia,2024-12-02T17:20:00,27.4,84,1002.33,8.11,110,16.34
5,Maranhão,2024-12-02T17:30:00,32.6,53,1004.37,15.15,190,22.97
2,Pará,2024-12-02T17:40:00,39.1,80,1010.84,7.05,100,20.57
9,Mato Grosso do Sul,2024-12-02T17:50:00,21.3,67,984.03,16.77,359,10.48
9,Goiás,2024-12-02T18:00:00,15.9,93,999.11,9.24,143,7.5
6,Santa Catarina,2024-12-02T18:10:00,29.4,38,1013.57,13.07,307,18.38
6,Piauí,2024-12-02T18:20:00,18.4,67,1015.53,5.76,156,14.86
12,Rio de Janeiro,2024-12-02T18:30:00,25.2,77,1017.75,18.39,311,3.12
6,Bahia,2024-12-02T18:40:00,24.2,64,1013.9,1.99,159,18.01
2,Rio Grande do Norte,2024-12-02T18:50:00,22.0,85,1018.08,12.94,67,2.15
9,Tocantins,2024-12-02T19:00:00,17.8,35,1000.01,16.56,57,44.27
4,Santa Catarina,2024-12-02T19:10:00,16.3,47,1003.13,9.38,30,30.74
12,Sergipe,2024-12-02T19:20:00,30.5,37,1006.52,14.17,158,20.56
6,Paraná,2024-12-02T19:30:00,39.6,60,985.49,5.89,124,29.96
7,Amazonas,2024-12-02T19:40:00,22.1,65,1013.66,9.23,148,41.48
6,Acre,2024-12-02T19:50:00,33.3,65,985.11,11.0,41,18.79
12,Goiás,2024-12-02T20:00:00,22.9,65,982.83,3.53,108,2.43
7,Espírito Santo,2024-12-02T20:10:00,15.9,44,991.59,13.38,24,44.53
13,Paraná,2024-12-02T20:20:00,15.0,34,1000.44,6.1,133,41.39
8,Pará,2024-12-02T20:30:00,16.3,31,988.12,2.91,85,36.68
13,Ceará,2024-12-02T20:40:00,29.4,71,1009.56,6.36,213,32.18
11,Bahia,2024-12-02T20:50:00,25.6,49,989.2,10.32,122,15.99
3,Piauí,2024-12-02T21:00:00,27.5,53,1012.63,10.04,303,20.55
11,Ceará,2024-12-02T21:10:00,25.4,59,982.14,7.85,297,34.37
15,Rio de Janeiro,2024-12-02T21:20:00,32.3,66,1010.26,3.09,127,10.58
1,Amazonas,2024-12-02T21:30:00,24.9,44,1019.12,3.8,18,24.96
12,Acre,2024-12-02T21:40:00,16.9,37,1015.23,0.38,39,39.97
14,Maranhão,2024-12-02T21:50:00,26.5,66,999.81,7.29,51,31.71
6,Maranhão,2024-12-02T22:00:00,30.8,60,990.57,6.2,184,0.87
6,Mato Grosso,2024-12-02T22:10:00,26.2,83,1009.3,0.78,149,19.6
8,Distrito Federal,2024-12-02T22:20:00,35.3,90,982.4,14.14,359,28.06
9,Sergipe,2024-12-02T22:30:00,24.3,35,998.03,19.54,312,17.47
6,Bahia,2024-12-02T22:40:00,19.6,76,986.38,12.12,281,16.67
9,Paraná,2024-12-02T22:50:00,34.1,88,998.87,17.43,85,23.07
6,Sergipe,2024-12-02T23:00:00,20.3,54,1011.68,16.58,240,40.37
9,Maranhão,2024-12-02T23:10:00,28.6,84,994.06,3.61,42,42.42
10,Acre,2024-12-02T23:20:00,17.1,98,1001.97,18.31,137,40.75
15,São Paulo,2024-12-02T23:30:00,30.9,100,1015.88,10.21,304,7.72
4,Amapá,2024-12-02T23:40:00,25.3,100,988.57,13.06,229,28.29
10,Goiás,2024-12-02T23:50:00,19.8,90,997.64,17.92,220,40.77
1,São Paulo,2024-12-03T00:00:00,29.3,62,1018.17,18.24,303,16.08
7,Tocantins,2024-12-03T00:10:00,32.7,74,1001.51,7.3,161,32.96
2,Mato Grosso do Sul,2024-12-03T00:20:00,17.5,97,1007.0,16.7,321,21.12
1,Rio Grande do Norte,2024-12-03T00:30:00,19.7,71,1017.94,18.73,55,36.59
12,Rio Grande do Sul,2024-12-03T00:40:00,23.1,81,1003.97,16.87,31,20.73
13,Goiás,2024-12-03T00:50:00,23.8,58,981.7,2.4,142,1.29
9,Santa Catarina,2024-12-03T01:00:00,17.0,96,1016.88,0.36,128,7.52
15,Amapá,2024-12-03T01:10:00,26.0,91,1019.78,13.07,96,3.94
1,Rio Grande do Norte,2024-12-03T01:20:00,24.2,93,996.63,8.89,227,11.74
2,Tocantins,2024-12-03T01:30:00,24.0,33,1006.8,3.13,243,0.0
14,Piauí,2024-12-03T01:40:00,39.5,41,1017.54,18.69,78,35.65
11,Minas Gerais,2024-12-03T01:50:00,24.8,100,1016.34,5.77,125,18.59
13,Maranhão,2024-12-03T02:00:00,31.7,91,1014.09,5.33,227,47.45
5,Paraná,2024-12-03T02:10:00,18.0,69,1015.95,4.33,51,23.16
1,Amazonas,2024-12-03T02:20:00,23.2,40,995.84,1.42,149,32.51
1,Piauí,2024-12-03T02:30:00,35.3,53,1011.42,2.51,153,24.18
7,São Paulo,2024-12-03T02:40:00,31.7,93,1002.64,4.13,324,27.37
12,Rio Grande do Sul,2024-12-03T02:50:00,29.7,42,986.56,12.99,109,37.44
7,Rio Grande do Norte,2024-12-03T03:00:00,17.2,67,985.37,8.63,22,2.9
7,Rondônia,2024-12-03T03:10:00,23.8,33,998.39,9.33,165,45.01
11,Pará,2024-12-03T03:20:00,36.6,77,1005.04,15.02,268,5.43
10,Amapá,2024-12-03T03:30:00,39.9,83,990.0,11.98,242,25.32
4,Distrito Federal,2024-12-03T03:40:00,22.9,86,1013.75,9.53,353,12.72
8,Goiás,2024-12-03T03:50:00,33.6,57,1001.45,3.14,131,7.18
14,Mato Grosso do Sul,2024-12-03T04:00:00,21.6,77,997.51,8.8,19,47.68
4,Mato Grosso do Sul,2024-12-03T04:10:00,33.6,56,983.93,13.36,297,2.9
7,Tocantins,2024-12-03T04:20:00,19.2,59,991.66,6.62,73,22.12
11,Paraíba,2024-12-03T04:30:00,20.4,97,1009.88,16.35,208,12.83
13,Pará,2024-12-03T04:40:00,30.3,50,994.4,7.09,47,10.79
11,Piauí,2024-12-03T04:50:00,38.7,35,994.97,6.46,9,29.14
4,Piauí,2024-12-03T05:00:00,24.2,69,986.63,2.82,49,36.62
9,São Paulo,2024-12-03T05:10:00,24.5,63,1008.1,3.27,54,45.2
15,Pará,2024-12-03T05:20:00,39.1,45,1003.06,9.08,94,7.4
12,Santa Catarina,2024-12-03T05:30:00,19.1,62,982.69,0.92,99,18.24
8,Rio de Janeiro,2024-12-03T05:40:00,20.8,93,1007.51,6.4,89,7.68
4,Mato Grosso do Sul,2024-12-03T05:50:00,16.3,63,986.92,3.36,41,36.54
7,Paraíba,2024-12-03T06:00:00,29.8,46,993.01,8.35,96,3.21
9,Roraima,2024-12-03T06:10:00,24.1,54,992.16,12.56,341,2.31
2,Ceará,2024-12-03T06:20:00,21.7,32,1010.56,15.07,133,25.33
10,Roraima,2024-12-03T06:30:00,35.1,76,1009.27,11.73,157,46.98
9,Rio Grande do Sul,2024-12-03T06:40:00,22.5,34,986.09,16.06,228,2.89
1,Sergipe,2024-12-03T06:50:00,17.6,39,985.37,3.51,153,45.96
3,Piauí,2024-12-03T07:00:00,39.7,69,1013.72,15.54,192,43.04
6,São Paulo,2024-12-03T07:10:00,34.3,52,1011.91,9.51,160,27.35
6,Rio Grande do Sul,2024-12-03T07:20:00,19.0,97,981.58,14.44,265,46.05
5,Pará,2024-12-03T07:30:00,39.2,83,1019.19,2.05,300,33.57
1,Rondônia,2024-12-03T07:40:00,15.7,50,999.95,17.1,60,24.2
9,Rondônia,2024-12-03T07:50:00,21.0,53,1005.86,6.38,315,14.75
10,Roraima,2024-12-03T08:00:00,16.3,69,1004.59,12.12,178,11.93
14,Goiás,2024-12-03T08:10:00,35.2,31,996.93,16.09,18,41.65
6,Goiás,2024-12-03T08:20:00,16.9,42,1009.31,18.52,253,39.65
1,Mato Grosso,2024-12-03T08:30:00,25.0,92,991.07,7.45,163,29.65
8,Paraná,2024-12-03T08:40:00,18.6,42,983.21,16.06,335,20.73
1,Piauí,2024-12-03T08:50:00,38.9,86,992.07,14.45,46,25.07
9,Mato Grosso do Sul,2024-12-03T09:00:00,35.4,35,995.77,15.39,182,38.85
2,Rio Grande do Sul,2024-12-03T09:10:00,27.7,60,1002.15,18.93,202,2.19
1,Alagoas,2024-12-03T09:20:00,35.0,44,1000.81,2.66,246,2.27
11,Rio Grande do Norte,2024-12-03T09:30:00,21.5,76,999.34,17.07,196,3.06
14,Paraná,2024-12-03T09:40:00,21.0,48,1009.92,14.12,136,19.24
13,Goiás,2024-12-03T09:50:00,33.3,38,1004.43,19.94,116,45.8
15,Espírito Santo,2024-12-03T10:00:00,20.3,32,1015.62,3.96,95,5.33
6,Rio Grande do Sul,2024-12-03T10:10:00,22.8,47,983.96,7.96,360,12.61
8,Roraima,2024-12-03T10:20:00,25.2,41,1001.0,15.73,153,23.33
7,Santa Catarina,2024-12-03T10:30:00,20.2,69,1003.38,2.18,350,6.49
5,São Paulo,2024-12-03T10:40:00,36.9,58,1000.68,4.81,3,21.42
5,Pernambuco,2024-12-03T10:50:00,37.7,51,986.15,16.56,79,46.45
3,Minas Gerais,2024-12-03T11:00:00,25.8,62,1019.59,8.03,170,31.36
14,Alagoas,2024-12-03T11:10:00,20.6,47,1019.84,16.02,70,18.13
8,Piauí,2024-12-03T11:20:00,27.4,86,983.39,7.51,63,37.37
10,Rio de Janeiro,2024-12-03T11:30:00,24.9,32,1008.1,2.61,354,27.72
2,Acre,2024-12-03T11:40:00,38.0,85,1017.28,7.4,176,2.43
12,Amazonas,2024-12-03T11:50:00,36.1,92,1006.87,0.27,104,5.76
13,Rio de Janeiro,2024-12-03T12:00:00,29.4,100,1005.44,3.23,151,23.9
12,Bahia,2024-12-03T12:10:00,23.3,55,983.25,3.54,199,17.3
8,Rondônia,2024-12-03T12:20:00,18.8,54,993.62,10.99,295,42.52
11,Distrito Federal,2024-12-03T12:30:00,19.1,86,1005.71,15.55,159,28.37
4,Acre,2024-12-03T12:40:00,21.0,77,983.46,8.82,78,23.69
10,Amazonas,2024-12-03T12:50:00,27.5,77,1015.05,5.37,294,25.73
5,Piauí,2024-12-03T13:00:00,37.4,69,1006.4,18.12,246,45.07
12,Distrito Federal,2024-12-03T13:10:00,39.6,43,992.07,11.28,10,41.74
10,São Paulo,2024-12-03T13:20:00,30.2,30,992.22,17.5,359,36.2
11,Mato Grosso,2024-12-03T13:30:00,16.2,74,985.05,1.18,280,10.33
12,Maranhão,2024-12-03T13:40:00,24.2,96,1012.88,0.63,314,4.42
13,Mato Grosso,2024-12-03T13:50:00,27.1,39,1003.2,19.8,26,2.86
14,Alagoas,2024-12-03T14:00:00,25.8,55,1011.28,10.08,159,14.27
8,Piauí,2024-12-03T14:10:00,21.9,31,1005.95,19.35,344,18.37
14,Ceará,2024-12-03T14:20:00,32.1,65,1005.88,3.95,184,12.83
1,Bahia,2024-12-03T14:30:00,16.9,77,1019.34,3.39,3,0.98
10,Pará,2024-12-03T14:40:00,33.6,89,1009.84,15.36,234,30.56
8,Maranhão,2024-12-03T14:50:00,36.2,46,1014.51,5.83,213,44.5
7,Minas Gerais,2024-12-03T15:00:00,26.2,33,1002.54,19.81,140,3.47
3,Tocantins,2024-12-03T15:10:00,32.7,93,1001.06,5.85,185,10.53
6,Rio Grande do Sul,2024-12-03T15:20:00,37.6,93,982.27,2.34,257,47.54
1,São Paulo,2024-12-03T15:30:00,23.4,84,1011.68,16.34,294,24.31
12,Maranhão,2024-12-03T15:40:00,31.1,56,1015.85,7.46,134,13.99
9,Alagoas,2024-12-03T15:50:00,34.7,72,1016.41,10.71,182,7.59
10,Minas Gerais,2024-12-03T16:00:00,21.4,79,985.6,14.84,191,17.53
12,Distrito Federal,2024-12-03T16:10:00,27.5,74,988.95,13.21,175,28.42
10,Minas Gerais,2024-12-03T16:20:00,33.8,37,980.21,8.18,315,42.69
1,Roraima,2024-12-03T16:30:00,34.9,96,1018.3,4.73,356,10.6
10,Amapá,2024-12-03T16:40:00,36.5,30,1006.51,0.68,238,48.3
10,Amazonas,2024-12-03T16:50:00,34.0,94,1006.03,4.92,316,21.38
2,Amapá,2024-12-03T17:00:00,33.2,73,987.69,8.47,182,20.49
15,Distrito Federal,2024-12-03T17:10:00,15.4,80,989.06,17.65,203,7.37
4,Bahia,2024-12-03T17:20:00,15.8,30,1012.46,11.44,200,28.55
15,Paraíba,2024-12-03T17:30:00,35.5,59,991.8,5.75,22,9.59
14,Roraima,2024-12-03T17:40:00,26.7,87,1018.07,7.3,65,2.69
7,Minas Gerais,2024-12-03T17:50:00,37.2,55,996.6,6.82,53,46.94
11,Pernambuco,2024-12-03T18:00:00,16.3,64,1008.01,9.15,356,9.38
6,Piauí,2024-12-03T18:10:00,34.1,42,1010.18,5.96,275,11.34
14,Maranhão,2024-12-03T18:20:00,33.0,51,1004.17,10.03,304,27.0
1,Paraíba,2024-12-03T18:30:00,21.4,48,1017.59,9.16,110,22.89
5,Paraíba,2024-12-03T18:40:00,28.0,65,1012.96,16.56,19,21.19
13,Espírito Santo,2024-12-03T18:50:00,37.4,74,1003.56,14.86,232,28.13
2,Minas Gerais,2024-12-03T19:00:00,36.1,97,994.98,1.36,116,16.77
1,São Paulo,2024-12-03T19:10:00,27.5,74,989.83,12.16,235,8.35
12,Maranhão,2024-12-03T19:20:00,38.8,91,986.49,17.67,354,45.47
4,Ceará,2024-12-03T19:30:00,18.6,62,991.34,16.65,284,6.42
15,Espírito Santo,2024-12-03T19:40:00,32.0,38,1011.31,3.57,319,26.2
15,Santa Catarina,2024-12-03T19:50:00,17.3,70,988.76,9.42,39,11.07
5,Goiás,2024-12-03T20:00:00,20.9,64,1008.03,4.28,283,2.96
3,Tocantins,2024-12-03T20:10:00,24.1,44,1005.96,15.26,303,18.49
11,Acre,2024-12-03T20:20:00,33.4,84,982.45,13.42,56,48.75
6,Mato Grosso do Sul,2024-12-03T20:30:00,20.0,56,998.17,3.57,316,20.65
3,Amazonas,2024-12-03T20:40:00,30.6,31,983.74,16.37,335,12.61
14,Minas Gerais,2024-12-03T20:50:00,24.1,39,1003.1,13.74,200,9.56
2,Tocantins,2024-12-03T21:00:00,33.6,47,990.53,2.84,168,19.7
9,Sergipe,2024-12-03T21:10:00,17.1,99,983.68,5.15,312,28.07
5,Maranhão,2024-12-03T21:20:00,32.4,47,1014.79,10.35,68,34.58
11,Distrito Federal,2024-12-03T21:30:00,37.0,44,988.4,15.66,207,23.35
6,Ceará,2024-12-03T21:40:00,25.7,74,1019.46,11.73,137,39.0
9,Mato Grosso do Sul,2024-12-03T21:50:00,39.7,58,1016.55,0.17,174,23.11
7,Ceará,2024-12-03T22:00:00,37.3,68,997.54,5.75,72,0.01
10,Mato Grosso do Sul,2024-12-03T22:10:00,33.8,91,991.49,9.86,64,31.77
7,Rio de Janeiro,2024-12-03T22:20:00,26.8,86,1006.02,10.56,75,9.18
12,Rondônia,2024-12-03T22:30:00,17.2,55,995.75,13.07,164,13.22
14,Santa Catarina,2024-12-03T22:40:00,28.8,44,1008.89,9.11,4,13.1
3,Alagoas,2024-12-03T22:50:00,21.9,54,982.61,3.38,334,38.85
3,Alagoas,2024-12-03T23:00:00,23.3,40,1002.62,1.1,279,28.2
4,Amapá,2024-12-03T23:10:00,21.7,46,991.45,0.59,234,5.67
15,Amazonas,2024-12-03T23:20:00,23.4,100,989.0,11.79,335,33.3
11,Goiás,2024-12-03T23:30:00,36.3,65,1012.63,3.12,249,35.7
1,Sergipe,2024-12-03T23:40:00,27.8,61,1010.35,13.89,119,12.85
15,Mato Grosso,2024-12-03T23:50:00,23.4,84,1003.24,12.31,39,18.36
6,Paraná,2024-12-04T00:00:00,21.6,40,985.81,13.35,220,23.78
5,Pernambuco,2024-12-04T00:10:00,27.5,99,1007.65,5.92,0,11.74
2,Sergipe,2024-12-04T00:20:00,32.5,70,983.4,18.18,213,22.43
9,Mato Grosso do Sul,2024-12-04T00:30:00,16.0,87,1019.82,7.53,288,12.06
13,Roraima,2024-12-04T00:40:00,32.8,64,1006.64,18.1,324,5.61
8,Roraima,2024-12-04T00:50:00,18.3,63,987.05,15.96,294,17.79
7,Alagoas,2024-12-04T01:00:00,33.0,51,995.76,1.55,153,26.99
10,Acre,2024-12-04T01:10:00,28.4,37,995.03,5.9,202,47.16
7,Rio Grande do Norte,2024-12-04T01:20:00,27.5,35,1002.86,8.58,354,44.71
12,Goiás,2024-12-04T01:30:00,24.0,46,991.98,0.18,3,9.79
3,Distrito Federal,2024-12-04T01:40:00,20.7,32,1015.6,14.99,103,19.99
7,Ceará,2024-12-04T01:50:00,39.0,37,1004.07,19.7,194,17.0
2,Maranhão,2024-12-04T02:00:00,32.7,88,1013.71,9.56,93,2.68
15,Roraima,2024-12-04T02:10:00,28.7,78,984.63,8.26,114,26.89
10,Amazonas,2024-12-04T02:20:00,22.9,86,1009.51,11.96,91,35.11
5,Pará,2024-12-04T02:30:00,21.3,37,996.92,0.26,269,34.36
3,Paraná,2024-12-04T02:40:00,21.6,76,989.54,3.35,46,43.6
2,São Paulo,2024-12-04T02:50:00,22.8,92,1015.33,2.82,246,20.61
11,Acre,2024-12-04T03:00:00,34.0,100,980.43,3.46,269,0.43
12,Tocantins,2024-12-04T03:10:00,19.5,33,983.7,10.63,298,34.63
8,Pará,2024-12-04T03:20:00,34.4,80,990.55,4.18,85,36.77
8,Paraíba,2024-12-04T03:30:00,15.8,68,1016.5,9.84,336,6.03
13,Piauí,2024-12-04T03:40:00,15.9,51,1002.35,2.53,110,23.0
2,Paraná,2024-12-04T03:50:00,32.3,36,1006.38,8.23,152,7.83
15,Distrito Federal,2024-12-04T04:00:00,35.8,82,997.95,1.2,319,32.3
15,Santa Catarina,2024-12-04T04:10:00,18.9,85,981.55,10.35,108,19.25
12,Acre,2024-12-04T04:20:00,27.9,95,1012.88,12.95,131,41.81
6,Mato Grosso do Sul,2024-12-04T04:30:00,25.6,37,1011.77,6.39,350,43.23
15,Mato Grosso,2024-12-04T04:40:00,33.3,84,1012.75,18.4,7,7.52
11,Santa Catarina,2024-12-04T04:50:00,22.1,77,1011.92,2.56,287,30.96
4,Espírito Santo,2024-12-04T05:00:00,34.6,90,1016.88,1.41,116,9.56
11,Espírito Santo,2024-12-04T05:10:00,26.6,61,995.1,15.92,70,25.96
8,Tocantins,2024-12-04T05:20:00,29.7,96,1014.46,8.44,250,14.2
7,Minas Gerais,2024-12-04T05:30:00,34.9,44,1000.97,4.5,312,42.19
8,Distrito Federal,2024-12-04T05:40:00,15.2,58,980.19,17.68,153,13.75
2,Rio Grande do Norte,2024-12-04T05:50:00,22.5,35,994.07,15.07,128,46.32
11,Rio Grande do Norte,2024-12-04T06:00:00,35.7,68,1005.36,18.45,217,2.67
2,Amazonas,2024-12-04T06:10:00,22.7,52,981.82,3.04,199,46.64
13,Paraíba,2024-12-04T06:20:00,16.3,35,995.86,18.6,22,0.13
12,Pará,2024-12-04T06:30:00,16.5,85,995.7,10.15,287,37.44
4,Rondônia,2024-12-04T06:40:00,17.0,82,999.15,16.89,225,20.73
9,Mato Grosso do Sul,2024-12-04T06:50:00,18.8,82,1008.82,18.67,225,31.01
11,Tocantins,2024-12-04T07:00:00,33.3,34,995.55,9.55,197,30.57
11,Santa Catarina,2024-12-04T07:10:00,16.3,56,1005.87,14.95,158,4.38
7,Alagoas,2024-12-04T07:20:00,30.8,79,1007.34,17.77,153,2.92
10,Piauí,2024-12-04T07:30:00,33.8,50,987.28,2.01,318,4.73
14,Rio de Janeiro,2024-12-04T07:40:00,33.4,96,1004.47,17.37,201,29.5
4,Mato Grosso do Sul,2024-12-04T07:50:00,37.9,90,1010.63,17.42,275,3.61
10,Ceará,2024-12-04T08:00:00,31.4,37,992.45,7.44,282,5.02
1,Pará,2024-12-04T08:10:00,38.9,39,993.63,14.22,315,35.85
14,Rio Grande do Sul,2024-12-04T08:20:00,36.8,36,1018.61,8.25,101,49.25
2,Sergipe,2024-12-04T08:30:00,29.7,81,1009.61,15.99,68,25.87
3,Rio de Janeiro,2024-12-04T08:40:00,32.9,68,1000.18,5.79,148,31.36
8,São Paulo,2024-12-04T08:50:00,23.2,92,997.87,16.5,14,43.57
13,Piauí,2024-12-04T09:00:00,25.4,63,1015.25,19.48,263,28.27
9,Santa Catarina,2024-12-04T09:10:00,28.1,71,1014.63,8.26,324,35.91
5,Mato Grosso do Sul,2024-12-04T09:20:00,21.1,49,994.96,18.71,71,1.65
5,Bahia,2024-12-04T09:30:00,32.8,84,1013.22,18.7,150,40.64
11,Paraíba,2024-12-04T09:40:00,24.8,87,983.25,9.18,9,6.06
6,Alagoas,2024-12-04T09:50:00,19.6,83,997.0,12.04,84,8.45
11,Minas Gerais,2024-12-04T10:00:00,21.1,76,989.78,12.67,338,27.7
4,Distrito Federal,2024-12-04T10:10:00,20.7,37,1009.35,10.03,329,17.99
14,Minas Gerais,2024-12-04T10:20:00,28.8,31,998.05,10.77,295,9.68
10,Roraima,2024-12-04T10:30:00,32.1,59,1007.34,9.51,333,5.68
1,Acre,2024-12-04T10:40:00,37.8,86,1010.02,15.08,216,14.12
14,Paraná,2024-12-04T10:50:00,38.8,36,989.18,10.93,1,15.2
10,Paraná,2024-12-04T11:00:00,26.7,57,999.63,11.39,231,17.56
15,Acre,2024-12-04T11:10:00,38.7,82,1001.46,10.57,274,46.27
4,Paraná,2024-12-04T11:20:00,16.9,79,993.96,13.97,315,11.31
15,Pernambuco,2024-12-04T11:30:00,36.7,87,1004.45,4.86,134,29.75
9,Minas Gerais,2024-12-04T11:40:00,38.0,82,983.86,13.29,49,39.55
4,Pará,2024-12-04T11:50:00,25.7,86,1000.28,15.38,163,36.11
6,Bahia,2024-12-04T12:00:00,32.0,42,993.3,17.02,201,15.88
8,Minas Gerais,2024-12-04T12:10:00,37.0,85,1000.79,9.46,294,2.25
10,Rio Grande do Norte,2024-12-04T12:20:00,33.5,60,984.1,7.2,143,37.16
4,Ceará,2024-12-04T12:30:00,39.3,59,996.45,9.47,76,10.66
11,Rio Grande do Norte,2024-12-04T12:40:00,25.7,36,1012.29,8.91,10,32.12
3,Rio de Janeiro,2024-12-04T12:50:00,30.1,87,1007.66,9.16,174,15.5
12,Distrito Federal,2024-12-04T13:00:00,18.4,72,1018.64,12.22,17,10.21
2,Paraíba,2024-12-04T13:10:00,31.4,39,1005.29,4.29,277,13.41
7,Rondônia,2024-12-04T13:20:00,25.2,52,1005.71,18.75,124,28.17
9,Rio Grande do Sul,2024-12-04T13:30:00,17.4,67,1010.94,1.71,93,4.06
8,Amapá,2024-12-04T13:40:00,17.7,71,1012.6,2.71,94,21.97
3,Rio Grande do Norte,2024-12-04T13:50:00,37.4,43,988.78,16.26,229,27.54
10,Goiás,2024-12-04T14:00:00,27.6,31,989.36,8.16,287,13.93
1,Amapá,2024-12-04T14:10:00,20.6,54,1004.16,16.82,67,27.93
4,Pará,2024-12-04T14:20:00,20.1,49,986.42,3.94,199,24.96
4,Alagoas,2024-12-04T14:30:00,35.7,70,1004.74,3.68,178,6.07
14,Amapá,2024-12-04T14:40:00,33.4,85,1015.02,14.59,242,9.28
3,Piauí,2024-12-04T14:50:00,16.0,55,980.76,1.45,355,20.2
7,Roraima,2024-12-04T15:00:00,20.5,74,982.91,18.86,169,30.71
11,Paraíba,2024-12-04T15:10:00,33.0,58,1000.11,5.53,266,0.77
9,Pará,2024-12-04T15:20:00,35.5,95,1019.92,15.61,51,29.15
13,Paraná,2024-12-04T15:30:00,37.2,50,994.85,3.87,205,7.71
9,Mato Grosso do Sul,2024-12-04T15:40:00,26.9,35,981.54,3.22,299,1.2
3,Sergipe,2024-12-04T15:50:00,34.1,77,1009.07,15.61,181,8.85
5,Mato Grosso,2024-12-04T16:00:00,34.4,43,982.5,16.9,39,3.69
10,Minas Gerais,2024-12-04T16:10:00,23.1,47,1004.48,0.74,22,49.81
9,Minas Gerais,2024-12-04T16:20:00,30.8,64,980.26,5.9,336,9.28
15,Paraná,2024-12-04T16:30:00,20.2,96,1012.84,0.72,208,42.24
6,Alagoas,2024-12-04T16:40:00,26.1,53,1019.72,6.11,252,42.2
4,Bahia,2024-12-04T16:50:00,23.3,54,1016.99,16.2,312,21.04
2,Piauí,2024-12-04T17:00:00,38.8,76,1010.13,9.24,79,7.65
11,Amapá,2024-12-04T17:10:00,28.4,97,1002.23,15.18,61,20.92
7,Espírito Santo,2024-12-04T17:20:00,18.7,78,998.15,0.4,163,9.09
2,Santa Catarina,2024-12-04T17:30:00,20.6,73,1002.03,11.76,168,11.57
15,Distrito Federal,2024-12-04T17:40:00,22.8,84,1010.58,17.94,252,24.25
3,Rio Grande do Norte,2024-12-04T17:50:00,33.5,67,986.83,7.29,283,23.0
1,Roraima,2024-12-04T18:00:00,24.0,96,1010.73,13.59,159,46.74
8,São Paulo,2024-12-04T18:10:00,19.6,42,987.45,0.36,171,10.35
1,Rondônia,2024-12-04T18:20:00,26.7,47,981.26,0.5,345,26.1
13,Roraima,2024-12-04T18:30:00,27.1,35,980.72,2.86,219,24.45
6,Rio Grande do Norte,2024-12-04T18:40:00,17.3,30,1016.97,11.06,30,16.75
3,Acre,2024-12-04T18:50:00,17.5,87,987.26,4.05,127,22.96
10,Ceará,2024-12-04T19:00:00,15.8,33,1003.0,15.78,208,11.04
11,Acre,2024-12-04T19:10:00,27.1,83,984.07,1.78,238,49.59
12,Amapá,2024-12-04T19:20:00,39.0,31,1018.24,17.18,129,36.5
2,Minas Gerais,2024-12-04T19:30:00,23.5,71,986.82,16.2,319,25.79
6,Rondônia,2024-12-04T19:40:00,27.3,81,980.87,4.43,251,1.99
14,Mato Grosso,2024-12-04T19:50:00,29.0,87,997.67,6.68,100,33.26
5,Santa Catarina,2024-12-04T20:00:00,25.7,91,986.99,16.83,204,17.46
3,Piauí,2024-12-04T20:10:00,17.4,72,1003.18,17.98,231,21.98
3,Amapá,2024-12-04T20:20:00,24.8,90,985.1,2.43,332,37.17
2,Sergipe,2024-12-04T20:30:00,18.2,50,994.23,17.19,21,24.63
3,Sergipe,2024-12-04T20:40:00,32.5,30,1007.67,9.08,294,8.0
9,Pernambuco,2024-12-04T20:50:00,15.4,35,983.91,13.44,79,34.35
7,Paraíba,2024-12-04T21:00:00,24.9,58,986.41,2.09,174,10.01
13,Rio de Janeiro,2024-12-04T21:10:00,39.7,69,1008.19,10.61,333,13.96
14,Paraná,2024-12-04T21:20:00,23.3,46,996.71,6.14,342,42.75
11,Bahia,2024-12-04T21:30:00,39.8,53,1006.79,9.23,107,9.93
2,Bahia,2024-12-04T21:40:00,17.9,30,997.78,15.58,217,5.41
5,Pernambuco,2024-12-04T21:50:00,28.3,66,1019.58,9.12,8,24.46
6,Rio Grande do Sul,2024-12-04T22:00:00,29.7,83,1018.1,6.76,219,25.99
9,Mato Grosso,2024-12-04T22:10:00,27.9,91,1019.77,13.94,164,46.08
9,Pará,2024-12-04T22:20:00,37.3,35,985.74,13.87,357,17.01
5,Amapá,2024-12-04T22:30:00,35.0,65,1016.91,11.75,325,22.75
11,Mato Grosso do Sul,2024-12-04T22:40:00,30.7,38,990.01,4.77,281,10.48
11,Ceará,2024-12-04T22:50:00,32.5,62,989.35,15.27,218,2.71
10,Santa Catarina,2024-12-04T23:00:00,16.5,80,985.63,0.34,246,28.62
9,São Paulo,2024-12-04T23:10:00,19.9,42,1015.11,6.33,237,16.53
7,Sergipe,2024-12-04T23:20:00,23.4,63,1012.35,19.18,19,21.88
8,Rio de Janeiro,2024-12-04T23:30:00,37.4,50,1002.51,8.28,360,48.64
10,Rondônia,2024-12-04T23:40:00,24.1,100,983.8,19.8,106,26.74
6,Paraná,2024-12-04T23:50:00,29.4,35,1005.53,18.45,127,17.12
11,Rio Grande do Norte,2024-12-05T00:00:00,27.1,85,1002.89,5.28,162,44.25
15,Acre,2024-12-05T00:10:00,21.2,86,1012.42,5.87,113,35.06
7,Rio Grande do Norte,2024-12-05T00:20:00,38.8,41,989.08,18.32,209,49.52
4,Espírito Santo,2024-12-05T00:30:00,24.9,92,992.01,1.53,197,36.92
9,Pará,2024-12-05T00:40:00,19.2,34,1018.03,14.15,93,8.15
7,Rio Grande do Sul,2024-12-05T00:50:00,22.7,98,981.08,6.97,276,13.06
7,Espírito Santo,2024-12-05T01:00:00,32.3,64,1009.62,7.61,322,5.16
6,Roraima,2024-12-05T01:10:00,16.3,86,987.73,1.13,231,15.8
10,Paraná,2024-12-05T01:20:00,27.6,31,1004.04,9.66,294,24.22
13,Bahia,2024-12-05T01:30:00,31.7,61,991.51,13.19,66,5.49
15,Ceará,2024-12-05T01:40:00,33.7,91,1005.69,9.7,311,38.57
11,Maranhão,2024-12-05T01:50:00,17.1,81,994.55,10.66,151,12.65
14,Mato Grosso do Sul,2024-12-05T02:00:00,37.8,56,1012.07,18.7,19,19.26
13,Maranhão,2024-12-05T02:10:00,25.0,34,989.76,2.65,83,3.5
7,Espírito Santo,2024-12-05T02:20:00,36.8,60,987.34,6.16,167,1.41
4,Distrito Federal,2024-12-05T02:30:00,39.4,35,1019.77,0.57,303,4.47
9,Piauí,2024-12-05T02:40:00,29.6,33,1013.26,7.71,340,42.08
7,Sergipe,2024-12-05T02:50:00,29.1,44,981.55,10.57,132,22.39
8,Paraná,2024-12-05T03:00:00,20.8,57,998.6,9.18,244,2.84
10,Paraná,2024-12-05T03:10:00,23.1,50,980.97,10.83,93,24.77
14,Rio Grande do Sul,2024-12-05T03:20:00,16.8,34,981.98,13.87,315,16.41
9,Acre,2024-12-05T03:30:00,20.3,46,989.54,4.9,179,22.52
2,São Paulo,2024-12-05T03:40:00,15.8,80,1002.34,15.81,176,26.4
12,Paraná,2024-12-05T03:50:00,27.8,65,993.1,7.6,197,14.23
13,São Paulo,2024-12-05T04:00:00,29.2,68,1019.7,17.9,303,25.21
2,Rio Grande do Sul,2024-12-05T04:10:00,38.1,46,1014.56,4.71,33,12.12
2,Amapá,2024-12-05T04:20:00,30.9,51,1010.19,3.72,53,5.22
12,Acre,2024-12-05T04:30:00,33.8,33,998.41,14.01,28,44.54
5,São Paulo,2024-12-05T04:40:00,18.7,43,986.47,7.99,118,15.24
3,Minas Gerais,2024-12-05T04:50:00,34.5,34,993.23,18.35,276,31.94
9,Rio de Janeiro,2024-12-05T05:00:00,15.7,35,1013.86,12.63,110,14.1
5,Minas Gerais,2024-12-05T05:10:00,21.5,76,997.92,12.33,127,43.0
6,Rio de Janeiro,2024-12-05T05:20:00,33.9,77,987.54,12.88,88,5.43
8,Maranhão,2024-12-05T05:30:00,18.9,100,990.06,2.08,152,35.99
13,Amapá,2024-12-05T05:40:00,15.6,65,990.94,3.82,67,8.7
2,Sergipe,2024-12-05T05:50:00,33.8,89,992.13,4.7,22,11.84
8,Pernambuco,2024-12-05T06:00:00,27.7,71,998.59,8.25,198,17.28
3,Santa Catarina,2024-12-05T06:10:00,35.7,89,996.62,5.91,77,7.3
14,Roraima,2024-12-05T06:20:00,21.7,37,994.22,17.72,337,39.34
10,Piauí,2024-12-05T06:30:00,21.9,87,1017.92,0.13,216,23.12
11,Tocantins,2024-12-05T06:40:00,22.8,44,989.58,2.41,341,34.6
4,Alagoas,2024-12-05T06:50:00,30.3,61,1015.51,10.32,213,5.23
11,Piauí,2024-12-05T07:00:00,39.0,90,997.25,3.55,249,18.81
2,São Paulo,2024-12-05T07:10:00,29.1,72,985.06,4.89,247,20.3
13,Tocantins,2024-12-05T07:20:00,34.6,70,1013.34,12.73,211,26.11
3,Maranhão,2024-12-05T07:30:00,24.0,81,1003.02,6.48,282,8.67
15,Distrito Federal,2024-12-05T07:40:00,19.6,67,1018.8,9.71,346,16.55
15,Piauí,2024-12-05T07:50:00,19.4,46,1001.88,0.8,22,30.82
4,Espírito Santo,2024-12-05T08:00:00,28.4,86,987.67,5.88,121,47.02
4,Amapá,2024-12-05T08:10:00,27.2,51,990.36,6.22,171,27.36
2,Rio de Janeiro,2024-12-05T08:20:00,18.8,80,1002.5,9.09,210,5.41
13,Amazonas,2024-12-05T08:30:00,17.9,86,1011.93,4.68,69,34.27
2,Mato Grosso,2024-12-05T08:40:00,28.4,65,1017.6,19.86,346,20.31
7,Rio Grande do Sul,2024-12-05T08:50:00,21.2,66,984.65,14.57,163,33.49
6,Bahia,2024-12-05T09:00:00,37.4,85,1012.82,7.97,300,12.27
10,Alagoas,2024-12-05T09:10:00,15.7,45,992.24,10.26,264,4.77
11,São Paulo,2024-12-05T09:20:00,30.0,85,991.72,8.66,251,18.14
7,Amapá,2024-12-05T09:30:00,33.7,51,1006.75,14.64,66,26.63
4,Mato Grosso do Sul,2024-12-05T09:40:00,24.9,53,992.3,2.23,27,39.32
7,Rio de Janeiro,2024-12-05T09:50:00,20.4,95,987.68,12.23,255,30.81
11,Paraíba,2024-12-05T10:00:00,27.2,43,1002.91,18.03,131,23.9
4,Rio Grande do Norte,2024-12-05T10:10:00,38.9,98,983.54,10.32,139,49.49
3,Distrito Federal,2024-12-05T10:20:00,19.6,63,988.31,4.86,292,48.06
9,Maranhão,2024-12-05T10:30:00,35.9,88,1011.36,10.01,227,41.86
2,Pará,2024-12-05T10:40:00,29.6,97,996.04,17.37,218,19.3
9,Bahia,2024-12-05T10:50:00,32.2,56,1003.92,13.99,167,19.95
12,Espírito Santo,2024-12-05T11:00:00,35.0,59,1017.62,9.02,114,2.51
6,Acre,2024-12-05T11:10:00,23.8,51,986.26,14.82,256,44.2
4,Espírito Santo,2024-12-05T11:20:00,39.8,99,1000.65,14.87,132,30.23
10,Roraima,2024-12-05T11:30:00,17.8,39,986.97,1.3,1,23.25
15,Pará,2024-12-05T11:40:00,21.6,33,986.69,9.0,44,46.87
1,Mato Grosso,2024-12-05T11:50:00,20.9,72,1010.53,0.61,14,16.92
4,Sergipe,2024-12-05T12:00:00,23.1,55,980.56,13.93,294,4.69
13,Tocantins,2024-12-05T12:10:00,26.3,87,1012.67,7.8,97,44.82
10,Rio de Janeiro,2024-12-05T12:20:00,21.9,82,981.02,9.67,359,17.61
11,Acre,2024-12-05T12:30:00,33.0,38,980.52,6.19,194,28.75
9,Amapá,2024-12-05T12:40:00,16.7,67,1007.68,13.64,108,23.73
10,Goiás,2024-12-05T12:50:00,17.5,70,990.56,16.15,57,1.97
13,Piauí,2024-12-05T13:00:00,18.8,84,1006.56,1.6,285,12.7
10,Rio Grande do Norte,2024-12-05T13:10:00,20.7,37,996.34,16.55,302,34.78
15,Mato Grosso,2024-12-05T13:20:00,17.3,47,1008.62,2.93,51,27.8
5,Maranhão,2024-12-05T13:30:00,30.6,58,1005.86,12.11,283,18.21
3,Mato Grosso,2024-12-05T13:40:00,37.9,71,1006.13,7.0,337,9.43
7,Maranhão,2024-12-05T13:50:00,38.9,35,992.37,17.69,319,27.66
9,Santa Catarina,2024-12-05T14:00:00,25.7,73,992.06,19.06,348,42.52
8,São Paulo,2024-12-05T14:10:00,30.5,82,981.85,2.22,220,19.09
2,Roraima,2024-12-05T14:20:00,21.1,49,987.66,16.26,275,11.19
10,Pará,2024-12-05T14:30:00,34.3,63,989.98,3.93,357,49.68
3,Rio Grande do Sul,2024-12-05T14:40:00,34.9,76,1011.46,16.91,179,8.94
7,Paraná,2024-12-05T14:50:00,30.6,88,1012.64,8.45,5,40.88
8,Pará,2024-12-05T15:00:00,36.3,76,986.22,19.29,212,40.18
3,Maranhão,2024-12-05T15:10:00,21.3,59,998.58,16.03,231,29.33
15,Goiás,2024-12-05T15:20:00,34.3,38,1013.07,1.22,193,8.7
13,Amapá,2024-12-05T15:30:00,32.3,49,1011.97,8.59,305,34.41
7,Acre,2024-12-05T15:40:00,19.8,49,991.48,4.02,273,37.16
14,Rio Grande do Norte,2024-12-05T15:50:00,24.6,66,1001.15,8.22,56,3.14
8,Pará,2024-12-05T16:00:00,33.4,85,1005.5,18.9,51,42.88
4,Sergipe,2024-12-05T16:10:00,32.3,64,1015.83,14.62,137,47.01
6,Espírito Santo,2024-12-05T16:20:00,21.7,71,1019.16,7.69,171,38.42
12,Piauí,2024-12-05T16:30:00,22.5,65,1019.56,16.26,97,40.38
10,Sergipe,2024-12-05T16:40:00,28.7,89,1012.78,14.19,50,1.61
12,Pernambuco,2024-12-05T16:50:00,22.9,64,981.22,13.32,195,43.66
9,Tocantins,2024-12-05T17:00:00,23.4,87,1014.33,4.68,301,8.8
10,Amazonas,2024-12-05T17:10:00,29.2,36,997.02,4.35,224,36.95
13,Tocantins,2024-12-05T17:20:00,36.1,48,1015.33,0.91,57,1.04
2,Maranhão,2024-12-05T17:30:00,19.6,51,1017.08,4.08,124,35.98
6,Tocantins,2024-12-05T17:40:00,30.7,32,1013.02,9.55,302,47.93
9,Mato Grosso,2024-12-05T17:50:00,26.9,52,1016.0,2.24,65,2.86
14,Roraima,2024-12-05T18:00:00,36.8,100,1007.45,16.87,313,1.41
1,Pará,2024-12-05T18:10:00,37.6,73,994.36,2.77,128,9.38
2,Rio Grande do Norte,2024-12-05T18:20:00,19.6,45,1002.77,0.22,358,15.11
10,Santa Catarina,2024-12-05T18:30:00,35.1,65,983.66,10.25,321,36.83
14,Paraná,2024-12-05T18:40:00,33.8,63,989.23,8.95,154,1.29
7,Distrito Federal,2024-12-05T18:50:00,19.3,34,987.12,10.75,315,32.17
1,Ceará,2024-12-05T19:00:00,15.3,35,994.74,14.62,272,16.46
8,Maranhão,2024-12-05T19:10:00,19.7,67,1018.53,9.43,284,1.09
14,Paraná,2024-12-05T19:20:00,29.8,60,985.72,19.41,105,48.92
13,Paraná,2024-12-05T19:30:00,15.2,100,982.3,3.86,273,11.14
4,Alagoas,2024-12-05T19:40:00,36.4,63,990.4,13.49,241,16.58
3,Minas Gerais,2024-12-05T19:50:00,34.4,90,1000.07,11.48,21,8.31
13,Amazonas,2024-12-05T20:00:00,30.3,65,988.27,0.17,284,21.73
1,Bahia,2024-12-05T20:10:00,15.3,85,989.1,1.54,156,16.32
9,Maranhão,2024-12-05T20:20:00,16.4,45,990.46,14.57,110,41.64
4,Amapá,2024-12-05T20:30:00,26.4,51,988.39,6.61,347,26.81
15,Roraima,2024-12-05T20:40:00,32.9,73,1010.26,4.87,22,22.57
1,Ceará,2024-12-05T20:50:00,36.9,57,980.88,2.58,92,29.28
15,Rio Grande do Sul,2024-12-05T21:00:00,32.2,59,993.15,11.22,148,19.78
12,Amapá,2024-12-05T21:10:00,16.1,36,1001.7,4.35,210,26.73
1,Rio Grande do Norte,2024-12-05T21:20:00,33.2,61,1017.9,17.12,253,48.41
10,Bahia,2024-12-05T21:30:00,39.9,97,1015.36,18.94,137,15.45
8,Pernambuco,2024-12-05T21:40:00,36.0,41,1007.18,13.64,12,25.53
15,Distrito Federal,2024-12-05T21:50:00,23.3,64,1005.66,17.96,168,37.53
7,Piauí,2024-12-05T22:00:00,20.8,98,1008.42,3.73,161,22.71
15,Roraima,2024-12-05T22:10:00,33.2,85,996.86,15.76,69,12.14
6,Distrito Federal,2024-12-05T22:20:00,18.3,64,1005.47,16.48,224,8.02
12,Pará,2024-12-05T22:30:00,35.8,63,993.54,17.1,17,2.15
13,Paraíba,2024-12-05T22:40:00,28.8,58,1000.22,18.0,178,4.98
4,Rondônia,2024-12-05T22:50:00,21.6,36,1019.05,9.47,63,36.42
8,Espírito Santo,2024-12-05T23:00:00,28.8,76,994.66,15.7,121,24.51
7,Rio Grande do Sul,2024-12-05T23:10:00,19.0,76,1007.07,15.04,301,22.91
8,Paraná,2024-12-05T23:20:00,25.8,62,980.23,19.69,320,6.57
12,Amapá,2024-12-05T23:30:00,32.1,66,1009.12,16.84,20,37.32
11,Rio Grande do Norte,2024-12-05T23:40:00,16.8,36,1014.92,15.03,63,48.75
9,Tocantins,2024-12-05T23:50:00,25.9,59,1001.93,19.65,326,7.26
12,Mato Grosso do Sul,2024-12-06T00:00:00,18.6,93,1008.8,3.77,73,18.42
12,Distrito Federal,2024-12-06T00:10:00,32.2,85,989.45,7.39,3,9.91
4,Pará,2024-12-06T00:20:00,33.6,50,1012.48,1.74,249,29.02
9,Alagoas,2024-12-06T00:30:00,17.6,57,986.28,15.44,213,34.57
5,Mato Grosso do Sul,2024-12-06T00:40:00,16.9,98,1009.46,8.57,162,8.83
10,Mato Grosso do Sul,2024-12-06T00:50:00,35.0,94,1016.3,5.21,247,34.03
11,Piauí,2024-12-06T01:00:00,20.0,35,999.14,9.85,38,42.26
12,Mato Grosso,2024-12-06T01:10:00,21.9,58,1014.94,19.67,150,42.47
4,Paraná,2024-12-06T01:20:00,33.0,68,995.53,3.26,144,21.87
1,Maranhão,2024-12-06T01:30:00,15.0,46,1015.88,19.77,179,3.25
9,Rio de Janeiro,2024-12-06T01:40:00,31.7,45,1011.2,5.71,244,14.93
4,Tocantins,2024-12-06T01:50:00,39.4,37,990.65,5.95,335,15.23
13,Mato Grosso,2024-12-06T02:00:00,15.3,86,1008.11,13.77,153,40.03
13,Alagoas,2024-12-06T02:10:00,27.5,63,994.68,11.61,62,14.89
11,Pernambuco,2024-12-06T02:20:00,31.0,94,1016.88,10.99,136,37.37
6,Piauí,2024-12-06T02:30:00,18.3,52,989.24,9.33,113,36.15
3,São Paulo,2024-12-06T02:40:00,28.5,40,1010.28,8.08,317,14.28
14,Paraíba,2024-12-06T02:50:00,28.7,88,1008.99,17.21,97,25.98
7,Pernambuco,2024-12-06T03:00:00,37.1,34,1004.89,4.37,139,45.86
3,Tocantins,2024-12-06T03:10:00,39.9,39,1001.02,14.11,332,1.6
13,São Paulo,2024-12-06T03:20:00,31.5,34,1005.29,10.11,114,9.61
11,Mato Grosso do Sul,2024-12-06T03:30:00,36.9,40,1017.04,2.25,85,38.37
5,Rio Grande do Sul,2024-12-06T03:40:00,21.4,87,981.88,3.48,130,26.68
2,Goiás,2024-12-06T03:50:00,20.2,92,993.0,2.08,90,40.57
5,Santa Catarina,2024-12-06T04:00:00,36.9,39,1015.2,4.17,242,11.12
11,Paraíba,2024-12-06T04:10:00,25.6,84,994.74,8.68,296,7.11
14,Paraíba,2024-12-06T04:20:00,34.2,51,1012.84,5.85,79,16.23
7,Rondônia,2024-12-06T04:30:00,25.5,71,993.78,17.32,153,16.38
12,Santa Catarina,2024-12-06T04:40:00,33.0,49,980.19,14.0,217,6.31
1,Distrito Federal,2024-12-06T04:50:00,26.5,91,982.0,17.08,237,41.24
10,Rio Grande do Sul,2024-12-06T05:00:00,24.8,81,1018.58,18.0,347,43.67
3,Ceará,2024-12-06T05:10:00,33.3,72,997.25,1.96,107,14.02
3,Rio de Janeiro,2024-12-06T05:20:00,33.6,64,992.6,2.79,349,38.79
9,Espírito Santo,2024-12-06T05:30:00,26.3,62,1009.24,3.8,316,13.97
3,Rio Grande do Sul,2024-12-06T05:40:00,34.7,90,1012.01,7.33,314,2.69
5,Rio de Janeiro,2024-12-06T05:50:00,32.1,55,1015.95,5.8,322,49.17
2,Amazonas,2024-12-06T06:00:00,24.0,90,991.05,6.05,239,16.62
10,Goiás,2024-12-06T06:10:00,31.1,75,1017.35,12.18,34,40.24
7,Rio Grande do Norte,2024-12-06T06:20:00,39.7,42,996.24,3.85,269,23.49
3,Mato Grosso do Sul,2024-12-06T06:30:00,20.8,67,993.36,17.7,51,28.89
6,Piauí,2024-12-06T06:40:00,35.8,64,999.01,4.43,109,2.16
15,Tocantins,2024-12-06T06:50:00,33.1,39,994.71,0.25,243,33.39
1,Tocantins,2024-12-06T07:00:00,24.4,70,990.77,17.46,43,48.7
5,Mato Grosso,2024-12-06T07:10:00,31.1,50,993.36,13.68,319,19.5
5,Rio Grande do Sul,2024-12-06T07:20:00,18.5,69,1016.43,16.05,11,13.76
1,Minas Gerais,2024-12-06T07:30:00,17.3,45,982.23,10.03,188,42.07
1,Acre,2024-12-06T07:40:00,20.7,67,1010.55,5.95,283,46.04
13,Paraíba,2024-12-06T07:50:00,16.5,89,998.5,6.96,5,3.72
5,Rondônia,2024-12-06T08:00:00,39.5,64,1011.55,7.52,161,8.13
4,Minas Gerais,2024-12-06T08:10:00,34.7,86,1001.65,0.38,156,26.78
6,Rio Grande do Norte,2024-12-06T08:20:00,16.5,100,991.72,13.24,117,38.7
13,Pará,2024-12-06T08:30:00,15.8,47,1019.92,12.07,24,28.63
1,Paraná,2024-12-06T08:40:00,17.2,61,1003.98,13.04,90,29.49
2,Piauí,2024-12-06T08:50:00,15.2,92,1018.59,14.25,126,10.87
12,Paraná,2024-12-06T09:00:00,27.3,70,1017.47,15.18,303,27.86
6,Roraima,2024-12-06T09:10:00,18.7,82,1001.29,14.15,299,18.46
12,Pará,2024-12-06T09:20:00,23.8,31,987.85,17.65,268,45.56
11,Pará,2024-12-06T09:30:00,27.4,84,986.09,16.51,59,2.87
5,Amazonas,2024-12-06T09:40:00,19.2,51,991.6,6.95,241,33.9
7,Mato Grosso,2024-12-06T09:50:00,25.0,31,1001.03,8.89,299,47.67
6,Paraná,2024-12-06T10:00:00,39.9,50,983.74,5.04,341,44.5
3,Santa Catarina,2024-12-06T10:10:00,36.0,39,994.89,6.1,339,44.64
6,Rio Grande do Norte,2024-12-06T10:20:00,18.6,88,1012.56,3.71,40,47.56
14,Bahia,2024-12-06T10:30:00,38.1,82,987.33,10.76,272,36.31
2,Paraná,2024-12-06T10:40:00,38.6,40,1016.97,19.94,319,30.13
15,Rondônia,2024-12-06T10:50:00,31.5,75,1015.49,11.86,351,9.43
2,Distrito Federal,2024-12-06T11:00:00,32.9,52,987.53,17.29,59,27.31
1,Amapá,2024-12-06T11:10:00,30.6,82,1005.77,6.73,108,33.83
11,Piauí,2024-12-06T11:20:00,37.1,68,985.26,3.67,348,29.37
15,Pernambuco,2024-12-06T11:30:00,25.9,99,1007.88,10.58,334,31.93
1,Distrito Federal,2024-12-06T11:40:00,17.5,58,985.2,1.17,308,37.56
15,Distrito Federal,2024-12-06T11:50:00,24.8,100,1015.41,7.03,312,28.04
13,Maranhão,2024-12-06T12:00:00,20.2,30,1019.54,14.16,5,31.43
11,Goiás,2024-12-06T12:10:00,36.9,77,1001.34,0.36,270,45.36
10,Sergipe,2024-12-06T12:20:00,38.1,31,1006.26,4.02,87,7.01
4,Pará,2024-12-06T12:30:00,35.3,97,984.63,10.85,359,21.04
11,Santa Catarina,2024-12-06T12:40:00,22.5,68,992.6,7.83,10,16.64
11,Sergipe,2024-12-06T12:50:00,29.8,90,991.11,0.04,244,5.52
14,Acre,2024-12-06T13:00:00,27.6,65,1002.66,18.15,213,9.61
4,Minas Gerais,2024-12-06T13:10:00,30.4,85,996.17,5.35,321,43.63
15,Mato Grosso,2024-12-06T13:20:00,38.3,38,984.63,18.62,111,11.57
13,Maranhão,2024-12-06T13:30:00,22.7,72,1012.97,15.37,292,20.7
1,Espírito Santo,2024-12-06T13:40:00,25.7,96,988.61,7.08,236,12.19
5,Piauí,2024-12-06T13:50:00,39.0,35,997.91,3.1,47,4.14
15,Bahia,2024-12-06T14:00:00,28.2,76,991.34,7.66,242,2.18
15,Mato Grosso,2024-12-06T14:10:00,38.8,45,984.65,11.77,342,21.0
8,São Paulo,2024-12-06T14:20:00,32.9,97,996.62,7.03,234,36.27
3,Distrito Federal,2024-12-06T14:30:00,20.2,86,1008.11,18.89,331,48.66
4,Minas Gerais,2024-12-06T14:40:00,27.8,70,1006.44,18.16,291,46.07
4,Santa Catarina,2024-12-06T14:50:00,25.4,96,1012.78,10.72,313,20.2
15,Acre,2024-12-06T15:00:00,27.3,56,983.43,3.21,116,36.84
11,Amazonas,2024-12-06T15:10:00,18.2,72,1012.02,13.23,180,36.24
14,Rio Grande do Norte,2024-12-06T15:20:00,29.8,50,1004.73,3.46,115,35.84
3,Pará,2024-12-06T15:30:00,37.4,76,995.85,13.01,2,6.38
1,Mato Grosso do Sul,2024-12-06T15:40:00,23.1,32,996.85,7.44,302,48.13
4,Santa Catarina,2024-12-06T15:50:00,26.3,78,1018.4,9.57,20,5.77
3,Rio de Janeiro,2024-12-06T16:00:00,27.3,45,1016.26,0.28,320,39.19
8,Minas Gerais,2024-12-06T16:10:00,36.2,79,981.91,11.48,187,17.41
12,Mato Grosso,2024-12-06T16:20:00,16.2,51,1006.39,6.18,106,34.24
6,Mato Grosso,2024-12-06T16:30:00,37.2,54,1013.77,19.28,68,47.9
11,Roraima,2024-12-06T16:40:00,17.6,43,980.32,8.16,15,38.35
8,Pará,2024-12-06T16:50:00,26.8,64,1013.51,11.54,352,5.0
5,Distrito Federal,2024-12-06T17:00:00,15.6,48,1011.08,18.4,29,20.28
5,Rio Grande do Sul,2024-12-06T17:10:00,18.3,41,1013.05,16.24,265,38.91
1,Amapá,2024-12-06T17:20:00,38.7,66,1002.23,16.84,89,28.27
2,Rio de Janeiro,2024-12-06T17:30:00,26.2,96,999.34,1.0,69,40.95
12,Pará,2024-12-06T17:40:00,25.5,93,1008.01,7.08,179,46.68
6,Santa Catarina,2024-12-06T17:50:00,26.9,85,1000.91,6.26,154,15.31
11,Roraima,2024-12-06T18:00:00,32.4,52,1002.09,5.83,60,38.79
9,Bahia,2024-12-06T18:10:00,20.6,41,985.14,10.27,73,47.44
4,Bahia,2024-12-06T18:20:00,35.7,56,1019.89,19.12,312,27.95
2,Mato Grosso do Sul,2024-12-06T18:30:00,15.7,69,1017.03,14.41,325,5.79
15,Rondônia,2024-12-06T18:40:00,30.9,30,1011.94,3.39,287,43.6
12,Espírito Santo,2024-12-06T18:50:00,21.3,57,1019.48,5.97,238,47.36
6,Mato Grosso,2024-12-06T19:00:00,17.5,98,1015.97,2.72,343,20.49
11,Minas Gerais,2024-12-06T19:10:00,24.3,89,997.35,10.59,198,32.45
7,Piauí,2024-12-06T19:20:00,16.6,49,1017.65,2.32,137,35.78
15,Rondônia,2024-12-06T19:30:00,31.8,79,1006.47,2.8,200,13.52
15,Santa Catarina,2024-12-06T19:40:00,24.3,33,1006.36,1.3,329,45.56
5,Rio Grande do Norte,2024-12-06T19:50:00,35.1,95,988.54,19.51,237,5.64
2,Mato Grosso do Sul,2024-12-06T20:00:00,38.4,92,999.97,2.61,83,35.83
14,Ceará,2024-12-06T20:10:00,22.8,95,982.63,15.61,68,9.13
6,Rio Grande do Sul,2024-12-06T20:20:00,30.1,86,1005.55,13.91,161,48.16
4,Rio Grande do Sul,2024-12-06T20:30:00,37.8,72,1014.34,16.32,285,19.2
12,Tocantins,2024-12-06T20:40:00,19.7,59,1001.44,17.36,147,24.62
11,Pernambuco,2024-12-06T20:50:00,22.9,47,1011.52,13.63,202,45.34
14,Tocantins,2024-12-06T21:00:00,29.9,66,988.12,2.86,293,40.12
15,Rio Grande do Norte,2024-12-06T21:10:00,17.0,68,995.95,7.36,218,3.09
8,Alagoas,2024-12-06T21:20:00,35.8,81,1000.02,5.99,188,33.65
14,Rio Grande do Sul,2024-12-06T21:30:00,23.9,94,999.33,2.98,354,47.6
3,Pernambuco,2024-12-06T21:40:00,22.4,45,985.25,15.54,308,25.14
13,Rio Grande do Norte,2024-12-06T21:50:00,22.2,53,987.32,11.05,136,48.82
12,Paraná,2024-12-06T22:00:00,15.1,91,1008.75,15.92,9,41.72
2,Ceará,2024-12-06T22:10:00,24.0,33,990.54,19.98,223,12.36
2,Rio Grande do Norte,2024-12-06T22:20:00,35.1,51,988.22,17.96,118,32.94
1,Bahia,2024-12-06T22:30:00,15.6,64,987.44,6.6,18,19.09
11,Bahia,2024-12-06T22:40:00,33.3,94,1000.01,17.23,59,34.67
3,Minas Gerais,2024-12-06T22:50:00,31.4,36,1010.34,10.18,333,32.55
15,Rondônia,2024-12-06T23:00:00,20.8,36,996.99,1.41,291,10.63
7,Rio de Janeiro,2024-12-06T23:10:00,33.0,33,1015.88,11.31,104,31.02
10,Ceará,2024-12-06T23:20:00,31.8,71,991.03,2.99,27,23.47
12,Rio Grande do Norte,2024-12-06T23:30:00,37.7,32,992.98,6.39,34,15.68
14,Mato Grosso,2024-12-06T23:40:00,23.9,74,981.81,16.2,234,13.46
15,Goiás,2024-12-06T23:50:00,34.2,69,1017.71,1.22,202,43.76
11,Amazonas,2024-12-07T00:00:00,18.7,79,1014.74,9.31,131,35.4
8,Ceará,2024-12-07T00:10:00,37.6,81,1007.35,5.84,42,17.92
4,Rio Grande do Norte,2024-12-07T00:20:00,35.1,100,992.0,15.37,309,14.91
8,Espírito Santo,2024-12-07T00:30:00,19.5,77,988.83,12.53,186,47.79
7,Sergipe,2024-12-07T00:40:00,24.5,83,1008.51,3.81,193,16.68
10,Rio de Janeiro,2024-12-07T00:50:00,29.6,74,988.82,3.29,287,10.29
7,Maranhão,2024-12-07T01:00:00,21.8,86,1006.32,6.68,148,24.18
7,Santa Catarina,2024-12-07T01:10:00,28.7,62,1018.67,11.98,147,23.53
10,Sergipe,2024-12-07T01:20:00,23.3,74,991.17,1.18,156,29.08
6,Acre,2024-12-07T01:30:00,23.6,69,1000.19,14.01,260,16.63
15,Amapá,2024-12-07T01:40:00,20.3,67,1003.69,8.16,117,24.53
14,Rio de Janeiro,2024-12-07T01:50:00,35.9,35,999.14,10.2,269,8.32
4,Acre,2024-12-07T02:00:00,15.4,86,987.58,14.92,57,6.02
12,Maranhão,2024-12-07T02:10:00,32.8,80,990.96,6.71,71,0.01
7,Paraíba,2024-12-07T02:20:00,36.6,97,1011.54,13.42,29,36.97
14,Rondônia,2024-12-07T02:30:00,25.5,67,990.67,7.93,295,17.4
4,Acre,2024-12-07T02:40:00,21.9,43,990.43,17.09,247,3.93
6,Maranhão,2024-12-07T02:50:00,34.9,72,1004.71,9.63,208,8.98
8,Maranhão,2024-12-07T03:00:00,26.6,73,996.22,19.69,313,35.86
2,Tocantins,2024-12-07T03:10:00,20.4,79,985.54,17.32,127,28.99
11,Piauí,2024-12-07T03:20:00,38.1,72,997.7,13.87,31,47.43
14,Espírito Santo,2024-12-07T03:30:00,21.9,61,999.3,3.5,35,41.14
8,Minas Gerais,2024-12-07T03:40:00,33.1,71,1003.64,12.97,296,13.61
11,Mato Grosso do Sul,2024-12-07T03:50:00,23.8,68,984.09,1.07,154,22.67
12,Piauí,2024-12-07T04:00:00,32.4,35,1003.27,4.5,219,39.43
6,Sergipe,2024-12-07T04:10:00,20.7,35,992.73,9.23,54,26.05
5,Sergipe,2024-12-07T04:20:00,32.6,46,1012.4,7.91,128,24.59
4,Goiás,2024-12-07T04:30:00,30.4,44,985.64,3.99,359,9.78
13,Espírito Santo,2024-12-07T04:40:00,25.5,71,1002.88,11.58,194,15.81
4,Tocantins,2024-12-07T04:50:00,34.5,59,1019.11,0.59,268,45.85
11,Espírito Santo,2024-12-07T05:00:00,20.6,46,996.95,6.07,161,14.13
2,Alagoas,2024-12-07T05:10:00,16.4,52,992.92,15.13,109,43.64
14,Rio de Janeiro,2024-12-07T05:20:00,20.7,51,1008.42,17.98,245,5.23
1,Rio Grande do Sul,2024-12-07T05:30:00,17.5,83,1018.35,16.89,174,2.88
13,Pernambuco,2024-12-07T05:40:00,29.6,43,988.38,2.55,222,5.8
12,Rio Grande do Sul,2024-12-07T05:50:00,33.2,35,1014.94,2.91,322,41.2
8,Paraíba,2024-12-07T06:00:00,20.4,40,1017.74,14.32,349,30.11
15,Paraná,2024-12-07T06:10:00,19.6,99,984.9,9.84,181,16.48
7,Ceará,2024-12-07T06:20:00,37.5,40,980.01,13.77,211,15.46
4,Distrito Federal,2024-12-07T06:30:00,35.7,88,1004.12,14.08,249,31.52
3,Distrito Federal,2024-12-07T06:40:00,32.1,62,981.82,18.59,13,7.19
3,Paraíba,2024-12-07T06:50:00,35.2,53,992.26,5.6,3,35.05
8,Amapá,2024-12-07T07:00:00,29.6,100,982.4,2.79,220,25.54
2,Rondônia,2024-12-07T07:10:00,36.0,80,1016.0,3.81,156,3.7
5,Paraná,2024-12-07T07:20:00,39.1,78,996.49,19.45,148,1.87
8,Rondônia,2024-12-07T07:30:00,19.5,67,1013.9,18.64,225,18.66
10,Paraná,2024-12-07T07:40:00,25.5,43,1012.95,4.24,288,32.08
4,Rio de Janeiro,2024-12-07T07:50:00,33.5,60,989.98,11.34,58,22.24
6,Amazonas,2024-12-07T08:00:00,28.5,89,991.5,19.19,296,22.79
2,Paraíba,2024-12-07T08:10:00,18.7,92,984.05,1.87,2,28.2
13,Santa Catarina,2024-12-07T08:20:00,30.1,66,989.15,0.68,18,27.13
8,Roraima,2024-12-07T08:30:00,34.1,39,981.82,8.29,254,49.06
12,Pernambuco,2024-12-07T08:40:00,23.1,77,984.49,7.38,112,31.04
8,Tocantins,2024-12-07T08:50:00,33.3,40,1005.28,14.01,308,41.49
2,Acre,2024-12-07T09:00:00,20.6,50,990.29,8.2,195,6.38
1,Mato Grosso do Sul,2024-12-07T09:10:00,21.1,52,982.54,17.5,149,2.13
1,Mato Grosso,2024-12-07T09:20:00,34.1,84,1004.0,2.71,17,29.02
6,Sergipe,2024-12-07T09:30:00,26.3,56,988.31,11.28,169,16.34
11,Pará,2024-12-07T09:40:00,24.3,91,1001.08,8.27,273,7.88
7,Paraná,2024-12-07T09:50:00,22.4,90,1002.78,14.73,308,45.72
9,Rio de Janeiro,2024-12-07T10:00:00,20.1,58,983.45,2.85,35,5.05
10,Roraima,2024-12-07T10:10:00,37.8,90,1001.68,0.53,213,5.95
5,Amapá,2024-12-07T10:20:00,21.6,58,1012.32,7.67,290,0.97
12,Paraíba,2024-12-07T10:30:00,36.6,67,999.52,17.9,123,15.65
10,Rio de Janeiro,2024-12-07T10:40:00,28.7,78,998.26,14.44,31,4.74
14,Alagoas,2024-12-07T10:50:00,36.0,38,1007.24,11.87,216,36.55
4,Minas Gerais,2024-12-07T11:00:00,23.5,57,993.31,14.37,145,9.32
13,Distrito Federal,2024-12-07T11:10:00,19.1,76,981.8,7.2,195,32.26
5,São Paulo,2024-12-07T11:20:00,36.5,57,980.49,0.55,56,11.18
14,Rio Grande do Norte,2024-12-07T11:30:00,30.7,32,986.37,8.96,327,25.42
4,Rondônia,2024-12-07T11:40:00,27.3,37,987.87,17.6,63,26.52
13,Minas Gerais,2024-12-07T11:50:00,24.3,30,1019.28,17.88,49,0.63
10,Pernambuco,2024-12-07T12:00:00,32.8,62,1010.49,8.26,312,32.14
9,Alagoas,2024-12-07T12:10:00,38.7,62,999.14,6.56,324,8.77
4,Amazonas,2024-12-07T12:20:00,36.0,59,987.52,18.86,241,43.62
12,Rio de Janeiro,2024-12-07T12:30:00,39.8,76,992.72,2.43,288,32.2
3,Sergipe,2024-12-07T12:40:00,28.8,67,1005.29,18.13,134,16.65
11,Rio Grande do Sul,2024-12-07T12:50:00,29.5,97,1013.8,16.48,49,28.65
7,Paraná,2024-12-07T13:00:00,32.2,54,993.42,5.68,320,26.94
9,Rio de Janeiro,2024-12-07T13:10:00,37.1,72,999.59,4.02,87,37.01
2,Amazonas,2024-12-07T13:20:00,32.5,70,981.64,18.18,82,39.6
5,Acre,2024-12-07T13:30:00,18.0,84,1017.84,2.87,3,48.07
12,Pará,2024-12-07T13:40:00,16.4,96,993.19,14.22,3,35.92
6,Bahia,2024-12-07T13:50:00,23.3,92,1017.61,14.59,150,18.97
6,Amapá,2024-12-07T14:00:00,38.5,73,1010.38,3.17,98,15.37
11,Ceará,2024-12-07T14:10:00,15.9,33,1009.52,19.66,206,36.04
7,Piauí,2024-12-07T14:20:00,35.1,93,1007.32,14.15,206,8.54
3,Espírito Santo,2024-12-07T14:30:00,15.3,95,990.26,11.88,213,28.95
9,Bahia,2024-12-07T14:40:00,26.2,82,989.22,18.87,177,40.18
1,Rio Grande do Norte,2024-12-07T14:50:00,19.7,35,1013.14,13.48,298,36.85
3,Tocantins,2024-12-07T15:00:00,17.8,48,1008.59,3.58,322,0.13
15,Roraima,2024-12-07T15:10:00,29.5,58,1008.11,0.71,332,14.96
2,Rondônia,2024-12-07T15:20:00,29.6,75,996.12,2.12,114,29.09
12,Espírito Santo,2024-12-07T15:30:00,34.2,79,1007.66,11.31,109,14.89
5,Espírito Santo,2024-12-07T15:40:00,26.3,64,992.14,13.45,141,25.16
5,Rio Grande do Sul,2024-12-07T15:50:00,34.1,40,1019.38,5.28,356,1.21
5,Ceará,2024-12-07T16:00:00,34.7,94,990.33,12.85,104,25.87
1,Ceará,2024-12-07T16:10:00,17.2,59,1012.61,4.74,207,38.2
10,Rio Grande do Sul,2024-12-07T16:20:00,17.7,70,1009.26,14.61,205,7.16
15,Maranhão,2024-12-07T16:30:00,28.6,31,1014.5,11.76,24,10.31
13,Pará,2024-12-07T16:40:00,32.7,32,991.07,2.53,67,24.26
8,Rio Grande do Norte,2024-12-07T16:50:00,23.7,37,1007.9,2.99,116,25.67
15,Sergipe,2024-12-07T17:00:00,16.2,67,1009.36,14.83,167,10.99
4,Alagoas,2024-12-07T17:10:00,28.2,70,1002.83,19.39,360,33.02
3,Mato Grosso do Sul,2024-12-07T17:20:00,34.3,73,1016.35,10.84,95,9.72
14,Amapá,2024-12-07T17:30:00,30.3,84,1008.63,5.72,162,3.57
7,Sergipe,2024-12-07T17:40:00,25.3,68,983.21,2.52,40,19.19
12,Bahia,2024-12-07T17:50:00,32.5,32,1018.89,7.95,318,19.14
3,Pará,2024-12-07T18:00:00,20.8,93,981.54,13.01,269,11.61
3,Mato Grosso do Sul,2024-12-07T18:10:00,33.2,65,996.4,7.95,293,34.14
11,Bahia,2024-12-07T18:20:00,19.8,81,990.56,1.23,155,45.48
12,Espírito Santo,2024-12-07T18:30:00,39.5,95,1012.39,7.58,287,19.29
4,Roraima,2024-12-07T18:40:00,27.7,39,1001.01,17.95,110,48.18
14,Mato Grosso,2024-12-07T18:50:00,23.7,59,1018.37,2.34,277,25.5
15,Paraíba,2024-12-07T19:00:00,29.4,97,1000.5,19.12,278,41.47
9,Alagoas,2024-12-07T19:10:00,24.3,94,1014.52,2.4,131,25.42
14,Goiás,2024-12-07T19:20:00,37.9,97,985.7,4.41,336,6.5
5,Santa Catarina,2024-12-07T19:30:00,23.3,87,1003.39,6.7,338,32.85
6,Rio Grande do Norte,2024-12-07T19:40:00,24.9,90,981.02,4.92,317,9.79
2,Amapá,2024-12-07T19:50:00,29.5,78,990.7,6.06,80,32.6
1,Paraíba,2024-12-07T20:00:00,30.2,57,1015.13,6.75,120,47.68
6,Piauí,2024-12-07T20:10:00,16.2,58,991.55,17.46,12,47.21
4,Distrito Federal,2024-12-07T20:20:00,38.8,34,1005.35,16.79,202,39.94
6,Pernambuco,2024-12-07T20:30:00,27.7,55,997.39,4.35,163,13.93
10,Maranhão,2024-12-07T20:40:00,28.3,88,985.33,2.54,135,37.36
12,Pará,2024-12-07T20:50:00,25.4,44,1016.12,16.09,77,13.48
15,Paraná,2024-12-07T21:00:00,34.3,59,1012.36,2.06,52,23.3
6,Paraná,2024-12-07T21:10:00,34.7,78,986.69,5.22,140,2.23
5,Alagoas,2024-12-07T21:20:00,34.7,78,993.37,14.71,19,9.35
11,Maranhão,2024-12-07T21:30:00,31.4,85,1007.94,3.43,3,46.21
3,Rio de Janeiro,2024-12-07T21:40:00,22.2,87,988.04,13.82,39,14.83
1,Espírito Santo,2024-12-07T21:50:00,28.0,99,1012.13,3.38,131,3.84
8,Minas Gerais,2024-12-07T22:00:00,30.2,68,981.03,11.54,16,0.3
10,Amazonas,2024-12-07T22:10:00,39.1,55,1008.66,6.86,353,13.86
14,Distrito Federal,2024-12-07T22:20:00,36.6,41,986.23,1.09,300,13.93
2,Rondônia,2024-12-07T22:30:00,20.2,55,991.53,19.3,325,42.47
